trial,machine_type,function,cpu,ram,time
0,ubuntu_pc,bubble_sort,99.44,19.624,5.758
0,ubuntu_pc,selection_sort,99.04,19.669,1.57
0,ubuntu_pc,insertion_sort,98.82,19.673,1.646
0,ubuntu_pc,merge_sort,37.0,19.976,0.021
0,ubuntu_pc,quick_sort,37.0,19.698,0.012
0,ubuntu_pc,heap_sort,49.5,19.681,0.033
1,ubuntu_pc,bubble_sort,99.52,19.644,5.905
1,ubuntu_pc,selection_sort,98.47,19.689,1.576
1,ubuntu_pc,insertion_sort,99.02,19.694,1.677
1,ubuntu_pc,merge_sort,0.0,19.997,0.021
1,ubuntu_pc,quick_sort,37.0,19.39,0.013
1,ubuntu_pc,heap_sort,49.47,19.702,0.032
2,ubuntu_pc,bubble_sort,99.7,19.436,5.989
2,ubuntu_pc,selection_sort,98.82,19.481,1.593
2,ubuntu_pc,insertion_sort,98.85,19.485,1.647
2,ubuntu_pc,merge_sort,37.0,19.845,0.021
2,ubuntu_pc,quick_sort,37.0,19.505,0.013
2,ubuntu_pc,heap_sort,49.67,19.489,0.033
3,ubuntu_pc,bubble_sort,99.61,19.628,5.884
3,ubuntu_pc,selection_sort,98.93,19.673,1.572
3,ubuntu_pc,insertion_sort,98.71,19.677,1.656
3,ubuntu_pc,merge_sort,37.0,19.98,0.021
3,ubuntu_pc,quick_sort,36.9,19.37,0.013
3,ubuntu_pc,heap_sort,49.57,19.685,0.032
4,ubuntu_pc,bubble_sort,99.72,19.612,5.927
4,ubuntu_pc,selection_sort,98.75,19.657,1.576
4,ubuntu_pc,insertion_sort,98.94,19.661,1.651
4,ubuntu_pc,merge_sort,37.0,19.96,0.021
4,ubuntu_pc,quick_sort,36.95,19.681,0.013
4,ubuntu_pc,heap_sort,49.27,19.669,0.033
5,ubuntu_pc,bubble_sort,99.74,19.505,5.972
5,ubuntu_pc,selection_sort,98.63,19.55,1.565
5,ubuntu_pc,insertion_sort,98.66,19.554,1.664
5,ubuntu_pc,merge_sort,36.8,19.866,0.021
5,ubuntu_pc,quick_sort,37.3,19.579,0.013
5,ubuntu_pc,heap_sort,49.37,19.562,0.033
6,ubuntu_pc,bubble_sort,99.56,19.657,5.9
6,ubuntu_pc,selection_sort,99.03,19.702,1.573
6,ubuntu_pc,insertion_sort,98.45,19.706,1.638
6,ubuntu_pc,merge_sort,37.0,19.96,0.021
6,ubuntu_pc,quick_sort,36.9,19.73,0.012
6,ubuntu_pc,heap_sort,49.57,19.714,0.033
7,ubuntu_pc,bubble_sort,99.61,19.583,6.084
7,ubuntu_pc,selection_sort,98.65,19.628,1.643
7,ubuntu_pc,insertion_sort,99.07,19.632,1.8
7,ubuntu_pc,merge_sort,36.65,19.935,0.021
7,ubuntu_pc,quick_sort,37.05,19.649,0.013
7,ubuntu_pc,heap_sort,49.33,19.636,0.033
8,ubuntu_pc,bubble_sort,99.65,19.603,5.928
8,ubuntu_pc,selection_sort,98.79,19.649,1.653
8,ubuntu_pc,insertion_sort,99.15,19.653,1.711
8,ubuntu_pc,merge_sort,37.0,19.96,0.021
8,ubuntu_pc,quick_sort,37.15,19.673,0.013
8,ubuntu_pc,heap_sort,49.57,19.657,0.033
9,ubuntu_pc,bubble_sort,99.75,19.427,5.9
9,ubuntu_pc,selection_sort,98.58,19.472,1.69
9,ubuntu_pc,insertion_sort,98.97,19.472,1.756
9,ubuntu_pc,merge_sort,37.0,19.841,0.021
9,ubuntu_pc,quick_sort,36.7,19.489,0.013
9,ubuntu_pc,heap_sort,49.77,19.472,0.033
10,ubuntu_pc,bubble_sort,99.6,19.616,5.815
10,ubuntu_pc,selection_sort,98.68,19.661,1.561
10,ubuntu_pc,insertion_sort,98.66,19.665,1.669
10,ubuntu_pc,merge_sort,0.0,19.98,0.021
10,ubuntu_pc,quick_sort,37.0,19.689,0.013
10,ubuntu_pc,heap_sort,49.43,19.673,0.033
11,ubuntu_pc,bubble_sort,99.7,19.444,5.826
11,ubuntu_pc,selection_sort,98.63,19.485,1.609
11,ubuntu_pc,insertion_sort,98.83,19.489,1.652
11,ubuntu_pc,merge_sort,36.95,19.796,0.021
11,ubuntu_pc,quick_sort,36.95,19.509,0.012
11,ubuntu_pc,heap_sort,49.6,19.493,0.032
12,ubuntu_pc,bubble_sort,99.55,19.657,5.777
12,ubuntu_pc,selection_sort,98.65,19.698,1.563
12,ubuntu_pc,insertion_sort,99.06,19.702,1.638
12,ubuntu_pc,merge_sort,37.1,20.017,0.021
12,ubuntu_pc,quick_sort,37.2,19.726,0.012
12,ubuntu_pc,heap_sort,49.53,19.71,0.032
13,ubuntu_pc,bubble_sort,99.54,19.55,5.819
13,ubuntu_pc,selection_sort,99.07,19.591,1.572
13,ubuntu_pc,insertion_sort,99.09,19.595,1.643
13,ubuntu_pc,merge_sort,0.0,19.911,0.021
13,ubuntu_pc,quick_sort,37.0,19.62,0.012
13,ubuntu_pc,heap_sort,49.57,19.603,0.032
14,ubuntu_pc,bubble_sort,99.62,19.665,5.767
14,ubuntu_pc,selection_sort,98.44,19.71,1.581
14,ubuntu_pc,insertion_sort,98.86,19.71,1.647
14,ubuntu_pc,merge_sort,36.95,20.029,0.021
14,ubuntu_pc,quick_sort,37.1,19.739,0.012
14,ubuntu_pc,heap_sort,49.5,19.726,0.032
15,ubuntu_pc,bubble_sort,99.63,19.632,5.844
15,ubuntu_pc,selection_sort,98.68,19.677,1.609
15,ubuntu_pc,insertion_sort,98.8,19.681,1.662
15,ubuntu_pc,merge_sort,36.9,19.988,0.021
15,ubuntu_pc,quick_sort,36.95,19.702,0.014
15,ubuntu_pc,heap_sort,49.47,19.685,0.034
16,ubuntu_pc,bubble_sort,99.54,19.64,5.843
16,ubuntu_pc,selection_sort,98.59,19.685,1.568
16,ubuntu_pc,insertion_sort,98.46,19.689,1.636
16,ubuntu_pc,merge_sort,37.15,20.005,0.021
16,ubuntu_pc,quick_sort,47.87,19.714,0.032
16,ubuntu_pc,heap_sort,49.53,19.698,0.034
17,ubuntu_pc,bubble_sort,99.74,19.608,5.86
17,ubuntu_pc,selection_sort,98.86,19.649,1.633
17,ubuntu_pc,insertion_sort,98.78,19.653,1.661
17,ubuntu_pc,merge_sort,37.2,19.96,0.021
17,ubuntu_pc,quick_sort,37.0,19.673,0.013
17,ubuntu_pc,heap_sort,49.4,19.657,0.032
18,ubuntu_pc,bubble_sort,99.51,19.522,5.86
18,ubuntu_pc,selection_sort,98.65,19.567,1.561
18,ubuntu_pc,insertion_sort,99.06,19.571,1.676
18,ubuntu_pc,merge_sort,0.0,19.886,0.022
18,ubuntu_pc,quick_sort,36.9,19.599,0.013
18,ubuntu_pc,heap_sort,49.4,19.579,0.032
19,ubuntu_pc,bubble_sort,99.57,19.431,5.812
19,ubuntu_pc,selection_sort,99.0,19.472,1.576
19,ubuntu_pc,insertion_sort,98.7,19.476,1.664
19,ubuntu_pc,merge_sort,36.9,19.857,0.021
19,ubuntu_pc,quick_sort,36.8,19.501,0.012
19,ubuntu_pc,heap_sort,49.83,19.485,0.033
20,ubuntu_pc,bubble_sort,99.64,19.53,5.869
20,ubuntu_pc,selection_sort,99.03,19.571,1.575
20,ubuntu_pc,insertion_sort,98.81,19.575,1.654
20,ubuntu_pc,merge_sort,37.25,19.956,0.021
20,ubuntu_pc,quick_sort,37.1,19.599,0.012
20,ubuntu_pc,heap_sort,49.6,19.583,0.032
21,ubuntu_pc,bubble_sort,99.6,19.632,5.862
21,ubuntu_pc,selection_sort,98.43,19.673,1.58
21,ubuntu_pc,insertion_sort,99.07,19.677,1.643
21,ubuntu_pc,merge_sort,37.0,19.993,0.021
21,ubuntu_pc,quick_sort,37.0,19.702,0.013
21,ubuntu_pc,heap_sort,49.47,19.685,0.032
22,ubuntu_pc,bubble_sort,99.66,19.644,5.846
22,ubuntu_pc,selection_sort,98.63,19.685,1.606
22,ubuntu_pc,insertion_sort,98.79,19.689,1.78
22,ubuntu_pc,merge_sort,37.15,19.997,0.021
22,ubuntu_pc,quick_sort,37.0,19.71,0.013
22,ubuntu_pc,heap_sort,49.53,19.698,0.033
23,ubuntu_pc,bubble_sort,99.63,19.595,5.801
23,ubuntu_pc,selection_sort,99.04,19.636,1.619
23,ubuntu_pc,insertion_sort,98.9,19.64,1.647
23,ubuntu_pc,merge_sort,36.9,19.952,0.021
23,ubuntu_pc,quick_sort,37.3,19.665,0.013
23,ubuntu_pc,heap_sort,49.4,19.649,0.032
24,ubuntu_pc,bubble_sort,99.67,19.608,5.825
24,ubuntu_pc,selection_sort,98.9,19.649,1.667
24,ubuntu_pc,insertion_sort,98.85,19.653,1.656
24,ubuntu_pc,merge_sort,36.95,19.956,0.021
24,ubuntu_pc,quick_sort,36.95,19.673,0.013
24,ubuntu_pc,heap_sort,49.4,19.657,0.034
25,ubuntu_pc,bubble_sort,99.79,19.608,5.909
25,ubuntu_pc,selection_sort,99.07,19.649,1.577
25,ubuntu_pc,insertion_sort,98.7,19.653,1.66
25,ubuntu_pc,merge_sort,0.0,19.968,0.021
25,ubuntu_pc,quick_sort,0.0,19.677,0.013
25,ubuntu_pc,heap_sort,49.6,19.661,0.033
26,ubuntu_pc,bubble_sort,99.73,19.464,5.89
26,ubuntu_pc,selection_sort,99.03,19.505,1.574
26,ubuntu_pc,insertion_sort,99.04,19.509,1.677
26,ubuntu_pc,merge_sort,37.0,19.89,0.021
26,ubuntu_pc,quick_sort,36.85,19.534,0.013
26,ubuntu_pc,heap_sort,49.7,19.517,0.033
27,ubuntu_pc,bubble_sort,99.63,19.583,5.845
27,ubuntu_pc,selection_sort,98.62,19.628,1.566
27,ubuntu_pc,insertion_sort,98.5,19.628,1.639
27,ubuntu_pc,merge_sort,37.0,19.948,0.021
27,ubuntu_pc,quick_sort,37.05,19.657,0.013
27,ubuntu_pc,heap_sort,49.83,19.64,0.033
28,ubuntu_pc,bubble_sort,99.7,19.649,5.852
28,ubuntu_pc,selection_sort,99.07,19.689,1.576
28,ubuntu_pc,insertion_sort,98.85,19.694,1.655
28,ubuntu_pc,merge_sort,37.25,20.001,0.021
28,ubuntu_pc,quick_sort,37.05,19.718,0.013
28,ubuntu_pc,heap_sort,49.77,19.702,0.033
29,ubuntu_pc,bubble_sort,99.57,19.608,5.954
29,ubuntu_pc,selection_sort,98.87,19.653,1.588
29,ubuntu_pc,insertion_sort,98.66,19.657,1.666
29,ubuntu_pc,merge_sort,37.0,19.968,0.021
29,ubuntu_pc,quick_sort,36.85,19.677,0.013
29,ubuntu_pc,heap_sort,49.33,19.661,0.033
30,ubuntu_pc,bubble_sort,99.67,19.542,5.837
30,ubuntu_pc,selection_sort,99.05,19.587,1.582
30,ubuntu_pc,insertion_sort,98.65,19.591,1.669
30,ubuntu_pc,merge_sort,37.0,19.972,0.021
30,ubuntu_pc,quick_sort,37.65,19.616,0.013
30,ubuntu_pc,heap_sort,49.6,19.599,0.033
31,ubuntu_pc,bubble_sort,99.68,19.649,5.858
31,ubuntu_pc,selection_sort,98.82,19.689,1.584
31,ubuntu_pc,insertion_sort,98.89,19.694,1.651
31,ubuntu_pc,merge_sort,37.15,20.005,0.021
31,ubuntu_pc,quick_sort,36.95,19.714,0.013
31,ubuntu_pc,heap_sort,49.63,19.698,0.032
32,ubuntu_pc,bubble_sort,99.65,19.677,5.906
32,ubuntu_pc,selection_sort,99.09,19.722,1.57
32,ubuntu_pc,insertion_sort,98.92,19.722,1.656
32,ubuntu_pc,merge_sort,37.0,20.042,0.021
32,ubuntu_pc,quick_sort,36.9,19.751,0.013
32,ubuntu_pc,heap_sort,49.6,19.739,0.033
33,ubuntu_pc,bubble_sort,99.63,19.681,5.84
33,ubuntu_pc,selection_sort,98.66,19.722,1.566
33,ubuntu_pc,insertion_sort,98.79,19.726,1.77
33,ubuntu_pc,merge_sort,37.0,20.038,0.021
33,ubuntu_pc,quick_sort,37.0,19.747,0.013
33,ubuntu_pc,heap_sort,49.4,19.73,0.032
34,ubuntu_pc,bubble_sort,99.61,19.661,5.766
34,ubuntu_pc,selection_sort,98.85,19.702,1.594
34,ubuntu_pc,insertion_sort,98.68,19.706,1.617
34,ubuntu_pc,merge_sort,37.0,20.017,0.021
34,ubuntu_pc,quick_sort,37.0,19.726,0.013
34,ubuntu_pc,heap_sort,49.63,19.71,0.032
35,ubuntu_pc,bubble_sort,99.69,19.599,5.94
35,ubuntu_pc,selection_sort,98.65,19.64,1.559
35,ubuntu_pc,insertion_sort,98.86,19.644,1.651
35,ubuntu_pc,merge_sort,36.9,19.96,0.021
35,ubuntu_pc,quick_sort,37.05,19.669,0.013
35,ubuntu_pc,heap_sort,49.47,19.653,0.033
36,ubuntu_pc,bubble_sort,99.64,19.603,5.903
36,ubuntu_pc,selection_sort,98.67,19.644,1.564
36,ubuntu_pc,insertion_sort,98.89,19.649,1.648
36,ubuntu_pc,merge_sort,37.0,19.964,0.021
36,ubuntu_pc,quick_sort,37.05,19.673,0.013
36,ubuntu_pc,heap_sort,49.53,19.657,0.032
37,ubuntu_pc,bubble_sort,99.61,19.62,5.813
37,ubuntu_pc,selection_sort,99.03,19.661,1.577
37,ubuntu_pc,insertion_sort,98.67,19.665,1.622
37,ubuntu_pc,merge_sort,0.0,19.98,0.021
37,ubuntu_pc,quick_sort,36.9,19.689,0.013
37,ubuntu_pc,heap_sort,49.97,19.673,0.033
38,ubuntu_pc,bubble_sort,99.6,19.485,5.822
38,ubuntu_pc,selection_sort,98.64,19.526,1.61
38,ubuntu_pc,insertion_sort,98.74,19.53,1.62
38,ubuntu_pc,merge_sort,36.95,19.902,0.021
38,ubuntu_pc,quick_sort,37.2,19.55,0.013
38,ubuntu_pc,heap_sort,49.77,19.538,0.034
39,ubuntu_pc,bubble_sort,99.73,19.636,5.787
39,ubuntu_pc,selection_sort,98.87,19.677,1.596
39,ubuntu_pc,insertion_sort,99.04,19.681,1.638
39,ubuntu_pc,merge_sort,0.0,19.993,0.021
39,ubuntu_pc,quick_sort,36.9,19.702,0.012
39,ubuntu_pc,heap_sort,49.53,19.685,0.033
40,ubuntu_pc,bubble_sort,99.57,19.616,5.943
40,ubuntu_pc,selection_sort,98.63,19.657,1.599
40,ubuntu_pc,insertion_sort,98.66,19.661,1.659
40,ubuntu_pc,merge_sort,37.05,19.968,0.021
40,ubuntu_pc,quick_sort,36.95,19.681,0.013
40,ubuntu_pc,heap_sort,49.53,19.665,0.032
41,ubuntu_pc,bubble_sort,99.62,19.628,5.778
41,ubuntu_pc,selection_sort,98.67,19.673,1.606
41,ubuntu_pc,insertion_sort,98.91,19.677,1.651
41,ubuntu_pc,merge_sort,37.1,19.984,0.021
41,ubuntu_pc,quick_sort,36.9,19.698,0.013
41,ubuntu_pc,heap_sort,49.63,19.681,0.032
42,ubuntu_pc,bubble_sort,99.73,19.624,5.843
42,ubuntu_pc,selection_sort,98.66,19.665,1.569
42,ubuntu_pc,insertion_sort,99.03,19.669,1.641
42,ubuntu_pc,merge_sort,0.0,19.984,0.021
42,ubuntu_pc,quick_sort,37.0,19.694,0.013
42,ubuntu_pc,heap_sort,49.63,19.677,0.033
43,ubuntu_pc,bubble_sort,99.62,19.706,5.811
43,ubuntu_pc,selection_sort,98.43,19.751,1.583
43,ubuntu_pc,insertion_sort,98.47,19.755,1.643
43,ubuntu_pc,merge_sort,37.15,20.07,0.022
43,ubuntu_pc,quick_sort,37.0,19.78,0.013
43,ubuntu_pc,heap_sort,50.03,19.763,0.033
44,ubuntu_pc,bubble_sort,99.73,19.472,5.944
44,ubuntu_pc,selection_sort,98.63,19.517,1.568
44,ubuntu_pc,insertion_sort,98.72,19.522,1.626
44,ubuntu_pc,merge_sort,37.1,19.837,0.021
44,ubuntu_pc,quick_sort,36.95,19.546,0.013
44,ubuntu_pc,heap_sort,49.6,19.53,0.032
45,ubuntu_pc,bubble_sort,99.74,19.632,5.861
45,ubuntu_pc,selection_sort,98.63,19.677,1.568
45,ubuntu_pc,insertion_sort,98.63,19.681,1.658
45,ubuntu_pc,merge_sort,37.0,19.997,0.021
45,ubuntu_pc,quick_sort,36.95,19.706,0.013
45,ubuntu_pc,heap_sort,49.43,19.689,0.032
46,ubuntu_pc,bubble_sort,99.71,19.653,5.933
46,ubuntu_pc,selection_sort,99.05,19.694,1.614
46,ubuntu_pc,insertion_sort,98.5,19.698,1.68
46,ubuntu_pc,merge_sort,36.95,20.009,0.021
46,ubuntu_pc,quick_sort,0.0,19.718,0.015
46,ubuntu_pc,heap_sort,49.27,19.702,0.032
47,ubuntu_pc,bubble_sort,99.63,19.644,6.011
47,ubuntu_pc,selection_sort,98.55,19.685,1.575
47,ubuntu_pc,insertion_sort,99.12,19.689,1.681
47,ubuntu_pc,merge_sort,37.15,20.005,0.021
47,ubuntu_pc,quick_sort,37.0,19.714,0.012
47,ubuntu_pc,heap_sort,49.67,19.698,0.031
48,ubuntu_pc,bubble_sort,99.69,19.591,5.934
48,ubuntu_pc,selection_sort,98.88,19.636,1.585
48,ubuntu_pc,insertion_sort,98.43,19.64,1.637
48,ubuntu_pc,merge_sort,37.0,19.952,0.021
48,ubuntu_pc,quick_sort,37.05,19.661,0.013
48,ubuntu_pc,heap_sort,49.37,19.644,0.032
49,ubuntu_pc,bubble_sort,99.75,19.579,5.82
49,ubuntu_pc,selection_sort,98.64,19.624,1.565
49,ubuntu_pc,insertion_sort,99.07,19.624,1.643
49,ubuntu_pc,merge_sort,37.1,20.009,0.021
49,ubuntu_pc,quick_sort,37.0,19.653,0.012
49,ubuntu_pc,heap_sort,49.57,19.636,0.031
50,ubuntu_pc,bubble_sort,99.6,19.661,5.813
50,ubuntu_pc,selection_sort,98.59,19.702,1.583
50,ubuntu_pc,insertion_sort,98.96,19.706,1.654
50,ubuntu_pc,merge_sort,37.15,20.021,0.021
50,ubuntu_pc,quick_sort,36.95,19.73,0.013
50,ubuntu_pc,heap_sort,49.33,19.718,0.031
51,ubuntu_pc,bubble_sort,99.66,19.608,5.759
51,ubuntu_pc,selection_sort,98.72,19.653,1.576
51,ubuntu_pc,insertion_sort,98.66,19.657,1.625
51,ubuntu_pc,merge_sort,37.05,19.972,0.02
51,ubuntu_pc,quick_sort,37.25,19.681,0.012
51,ubuntu_pc,heap_sort,49.47,19.665,0.031
52,ubuntu_pc,bubble_sort,99.54,19.649,5.857
52,ubuntu_pc,selection_sort,98.97,19.689,1.572
52,ubuntu_pc,insertion_sort,98.68,19.694,1.662
52,ubuntu_pc,merge_sort,37.3,20.009,0.021
52,ubuntu_pc,quick_sort,36.85,19.718,0.012
52,ubuntu_pc,heap_sort,49.5,19.702,0.032
53,ubuntu_pc,bubble_sort,99.51,19.628,5.828
53,ubuntu_pc,selection_sort,98.41,19.669,1.583
53,ubuntu_pc,insertion_sort,98.82,19.673,1.647
53,ubuntu_pc,merge_sort,49.43,19.988,0.026
53,ubuntu_pc,quick_sort,37.3,19.698,0.012
53,ubuntu_pc,heap_sort,49.7,19.681,0.032
54,ubuntu_pc,bubble_sort,99.59,19.595,5.777
54,ubuntu_pc,selection_sort,98.84,19.64,1.581
54,ubuntu_pc,insertion_sort,98.91,19.644,1.611
54,ubuntu_pc,merge_sort,37.15,19.96,0.021
54,ubuntu_pc,quick_sort,37.15,19.669,0.012
54,ubuntu_pc,heap_sort,49.43,19.653,0.031
55,ubuntu_pc,bubble_sort,99.71,19.649,5.827
55,ubuntu_pc,selection_sort,99.01,19.689,1.583
55,ubuntu_pc,insertion_sort,98.86,19.694,1.655
55,ubuntu_pc,merge_sort,36.95,20.013,0.021
55,ubuntu_pc,quick_sort,37.05,19.722,0.012
55,ubuntu_pc,heap_sort,49.33,19.706,0.032
56,ubuntu_pc,bubble_sort,99.74,19.624,5.897
56,ubuntu_pc,selection_sort,98.42,19.669,1.583
56,ubuntu_pc,insertion_sort,98.73,19.673,1.669
56,ubuntu_pc,merge_sort,0.0,19.988,0.02
56,ubuntu_pc,quick_sort,37.05,19.698,0.012
56,ubuntu_pc,heap_sort,49.6,19.681,0.032
57,ubuntu_pc,bubble_sort,99.67,19.444,5.773
57,ubuntu_pc,selection_sort,98.54,19.489,1.564
57,ubuntu_pc,insertion_sort,99.05,19.489,1.631
57,ubuntu_pc,merge_sort,37.05,19.874,0.021
57,ubuntu_pc,quick_sort,37.0,19.517,0.013
57,ubuntu_pc,heap_sort,49.47,19.501,0.033
58,ubuntu_pc,bubble_sort,99.74,19.603,5.771
58,ubuntu_pc,selection_sort,98.88,19.649,1.578
58,ubuntu_pc,insertion_sort,98.84,19.653,1.651
58,ubuntu_pc,merge_sort,37.3,19.968,0.021
58,ubuntu_pc,quick_sort,37.0,19.677,0.013
58,ubuntu_pc,heap_sort,49.57,19.661,0.031
59,ubuntu_pc,bubble_sort,99.66,19.595,5.863
59,ubuntu_pc,selection_sort,98.64,19.636,1.568
59,ubuntu_pc,insertion_sort,99.13,19.64,1.642
59,ubuntu_pc,merge_sort,37.1,19.956,0.021
59,ubuntu_pc,quick_sort,37.1,19.669,0.013
59,ubuntu_pc,heap_sort,49.6,19.649,0.031
60,ubuntu_pc,bubble_sort,99.74,19.649,5.78
60,ubuntu_pc,selection_sort,98.49,19.694,1.58
60,ubuntu_pc,insertion_sort,98.44,19.698,1.634
60,ubuntu_pc,merge_sort,0.0,20.013,0.021
60,ubuntu_pc,quick_sort,37.2,19.722,0.012
60,ubuntu_pc,heap_sort,49.57,19.706,0.031
61,ubuntu_pc,bubble_sort,99.71,19.567,5.879
61,ubuntu_pc,selection_sort,98.88,19.608,1.596
61,ubuntu_pc,insertion_sort,98.92,19.612,1.65
61,ubuntu_pc,merge_sort,37.0,19.923,0.021
61,ubuntu_pc,quick_sort,37.0,19.636,0.013
61,ubuntu_pc,heap_sort,49.5,19.616,0.031
62,ubuntu_pc,bubble_sort,99.68,19.689,5.847
62,ubuntu_pc,selection_sort,98.37,19.735,1.615
62,ubuntu_pc,insertion_sort,99.02,19.739,1.664
62,ubuntu_pc,merge_sort,37.2,20.05,0.021
62,ubuntu_pc,quick_sort,37.15,19.759,0.012
62,ubuntu_pc,heap_sort,49.57,19.743,0.032
63,ubuntu_pc,bubble_sort,99.69,19.595,5.845
63,ubuntu_pc,selection_sort,98.8,19.636,1.583
63,ubuntu_pc,insertion_sort,98.48,19.64,1.66
63,ubuntu_pc,merge_sort,37.05,19.956,0.021
63,ubuntu_pc,quick_sort,37.25,19.665,0.012
63,ubuntu_pc,heap_sort,49.43,19.649,0.032
64,ubuntu_pc,bubble_sort,99.72,19.595,5.9
64,ubuntu_pc,selection_sort,98.75,19.636,1.592
64,ubuntu_pc,insertion_sort,98.8,19.64,1.758
64,ubuntu_pc,merge_sort,37.2,19.952,0.021
64,ubuntu_pc,quick_sort,37.05,19.661,0.012
64,ubuntu_pc,heap_sort,49.63,19.644,0.032
65,ubuntu_pc,bubble_sort,99.63,19.616,5.898
65,ubuntu_pc,selection_sort,98.61,19.661,1.58
65,ubuntu_pc,insertion_sort,98.88,19.665,1.673
65,ubuntu_pc,merge_sort,37.0,19.98,0.021
65,ubuntu_pc,quick_sort,37.05,19.689,0.012
65,ubuntu_pc,heap_sort,49.4,19.677,0.032
66,ubuntu_pc,bubble_sort,99.63,19.624,5.89
66,ubuntu_pc,selection_sort,99.15,19.665,1.59
66,ubuntu_pc,insertion_sort,98.97,19.669,1.668
66,ubuntu_pc,merge_sort,37.05,19.98,0.021
66,ubuntu_pc,quick_sort,37.15,19.689,0.012
66,ubuntu_pc,heap_sort,49.6,19.673,0.032
67,ubuntu_pc,bubble_sort,99.66,19.661,5.9
67,ubuntu_pc,selection_sort,98.41,19.702,1.616
67,ubuntu_pc,insertion_sort,98.82,19.706,1.657
67,ubuntu_pc,merge_sort,36.95,20.017,0.021
67,ubuntu_pc,quick_sort,37.05,19.73,0.013
67,ubuntu_pc,heap_sort,49.53,19.714,0.032
68,ubuntu_pc,bubble_sort,99.63,19.653,5.794
68,ubuntu_pc,selection_sort,98.63,19.698,1.562
68,ubuntu_pc,insertion_sort,98.72,19.702,1.663
68,ubuntu_pc,merge_sort,0.0,20.017,0.021
68,ubuntu_pc,quick_sort,37.3,19.726,0.013
68,ubuntu_pc,heap_sort,49.9,19.71,0.033
69,ubuntu_pc,bubble_sort,99.65,19.649,5.873
69,ubuntu_pc,selection_sort,98.92,19.689,1.585
69,ubuntu_pc,insertion_sort,98.63,19.694,1.681
69,ubuntu_pc,merge_sort,36.95,20.005,0.021
69,ubuntu_pc,quick_sort,36.9,19.714,0.012
69,ubuntu_pc,heap_sort,49.57,19.698,0.032
70,ubuntu_pc,bubble_sort,99.6,19.657,5.848
70,ubuntu_pc,selection_sort,98.64,19.698,1.567
70,ubuntu_pc,insertion_sort,98.51,19.702,1.678
70,ubuntu_pc,merge_sort,0.0,20.017,0.022
70,ubuntu_pc,quick_sort,37.0,19.726,0.012
70,ubuntu_pc,heap_sort,49.57,19.71,0.032
71,ubuntu_pc,bubble_sort,99.61,19.489,5.794
71,ubuntu_pc,selection_sort,98.85,19.53,1.67
71,ubuntu_pc,insertion_sort,99.05,19.534,1.672
71,ubuntu_pc,merge_sort,0.0,19.849,0.022
71,ubuntu_pc,quick_sort,37.15,19.558,0.013
71,ubuntu_pc,heap_sort,49.47,19.542,0.032
72,ubuntu_pc,bubble_sort,99.6,19.649,5.978
72,ubuntu_pc,selection_sort,99.09,19.694,1.612
72,ubuntu_pc,insertion_sort,98.63,19.698,1.669
72,ubuntu_pc,merge_sort,37.1,20.005,0.021
72,ubuntu_pc,quick_sort,36.95,19.718,0.012
72,ubuntu_pc,heap_sort,49.53,19.702,0.034
73,ubuntu_pc,bubble_sort,99.65,19.55,5.867
73,ubuntu_pc,selection_sort,98.6,19.595,1.558
73,ubuntu_pc,insertion_sort,99.07,19.599,1.639
73,ubuntu_pc,merge_sort,37.0,19.915,0.021
73,ubuntu_pc,quick_sort,36.85,19.628,0.012
73,ubuntu_pc,heap_sort,49.6,19.608,0.032
74,ubuntu_pc,bubble_sort,99.59,19.73,5.87
74,ubuntu_pc,selection_sort,98.67,19.775,1.6
74,ubuntu_pc,insertion_sort,99.12,19.78,1.672
74,ubuntu_pc,merge_sort,36.95,20.091,0.021
74,ubuntu_pc,quick_sort,37.3,19.804,0.013
74,ubuntu_pc,heap_sort,49.43,19.784,0.032
75,ubuntu_pc,bubble_sort,99.57,19.567,5.716
75,ubuntu_pc,selection_sort,98.71,19.612,1.6
75,ubuntu_pc,insertion_sort,98.85,19.616,1.645
75,ubuntu_pc,merge_sort,36.85,19.923,0.021
75,ubuntu_pc,quick_sort,37.0,19.636,0.012
75,ubuntu_pc,heap_sort,49.47,19.62,0.033
76,ubuntu_pc,bubble_sort,99.69,19.546,5.869
76,ubuntu_pc,selection_sort,98.57,19.587,1.564
76,ubuntu_pc,insertion_sort,98.85,19.591,1.647
76,ubuntu_pc,merge_sort,37.0,19.972,0.021
76,ubuntu_pc,quick_sort,37.3,19.616,0.013
76,ubuntu_pc,heap_sort,49.8,19.599,0.032
77,ubuntu_pc,bubble_sort,99.67,19.694,5.849
77,ubuntu_pc,selection_sort,98.62,19.735,1.6
77,ubuntu_pc,insertion_sort,99.23,19.739,1.669
77,ubuntu_pc,merge_sort,36.95,20.05,0.021
77,ubuntu_pc,quick_sort,36.95,19.759,0.013
77,ubuntu_pc,heap_sort,49.53,19.743,0.033
78,ubuntu_pc,bubble_sort,99.61,19.431,5.881
78,ubuntu_pc,selection_sort,98.48,19.472,1.582
78,ubuntu_pc,insertion_sort,98.88,19.476,1.654
78,ubuntu_pc,merge_sort,37.1,19.792,0.021
78,ubuntu_pc,quick_sort,37.05,19.505,0.013
78,ubuntu_pc,heap_sort,49.57,19.489,0.032
79,ubuntu_pc,bubble_sort,99.6,19.624,5.802
79,ubuntu_pc,selection_sort,98.66,19.669,1.565
79,ubuntu_pc,insertion_sort,98.94,19.669,1.651
79,ubuntu_pc,merge_sort,37.1,19.988,0.021
79,ubuntu_pc,quick_sort,36.9,19.698,0.013
79,ubuntu_pc,heap_sort,49.43,19.681,0.034
80,ubuntu_pc,bubble_sort,99.58,19.64,5.992
80,ubuntu_pc,selection_sort,98.64,19.681,1.635
80,ubuntu_pc,insertion_sort,98.66,19.685,1.763
80,ubuntu_pc,merge_sort,37.0,19.997,0.023
80,ubuntu_pc,quick_sort,36.75,19.706,0.02
80,ubuntu_pc,heap_sort,73.95,19.689,0.044
81,ubuntu_pc,bubble_sort,99.7,19.767,6.205
81,ubuntu_pc,selection_sort,98.66,19.808,1.598
81,ubuntu_pc,insertion_sort,98.82,19.812,1.654
81,ubuntu_pc,merge_sort,37.0,20.12,0.02
81,ubuntu_pc,quick_sort,37.05,19.833,0.012
81,ubuntu_pc,heap_sort,49.3,19.816,0.031
82,ubuntu_pc,bubble_sort,99.69,19.636,5.947
82,ubuntu_pc,selection_sort,99.08,19.677,1.581
82,ubuntu_pc,insertion_sort,98.74,19.681,1.678
82,ubuntu_pc,merge_sort,0.0,19.997,0.021
82,ubuntu_pc,quick_sort,36.9,19.706,0.013
82,ubuntu_pc,heap_sort,49.6,19.689,0.032
83,ubuntu_pc,bubble_sort,99.72,19.653,5.94
83,ubuntu_pc,selection_sort,99.04,19.698,1.615
83,ubuntu_pc,insertion_sort,99.13,19.702,1.673
83,ubuntu_pc,merge_sort,37.05,20.013,0.021
83,ubuntu_pc,quick_sort,37.05,19.722,0.013
83,ubuntu_pc,heap_sort,49.47,19.706,0.033
84,ubuntu_pc,bubble_sort,99.6,19.472,5.799
84,ubuntu_pc,selection_sort,99.06,19.517,1.576
84,ubuntu_pc,insertion_sort,98.74,19.522,1.669
84,ubuntu_pc,merge_sort,37.05,19.902,0.021
84,ubuntu_pc,quick_sort,37.35,19.546,0.012
84,ubuntu_pc,heap_sort,49.73,19.53,0.033
85,ubuntu_pc,bubble_sort,99.6,19.485,5.798
85,ubuntu_pc,selection_sort,98.41,19.526,1.579
85,ubuntu_pc,insertion_sort,98.87,19.53,1.645
85,ubuntu_pc,merge_sort,37.05,19.915,0.021
85,ubuntu_pc,quick_sort,37.1,19.558,0.013
85,ubuntu_pc,heap_sort,49.5,19.542,0.033
86,ubuntu_pc,bubble_sort,99.72,19.657,5.814
86,ubuntu_pc,selection_sort,98.67,19.698,1.6
86,ubuntu_pc,insertion_sort,98.7,19.702,1.719
86,ubuntu_pc,merge_sort,37.1,20.009,0.022
86,ubuntu_pc,quick_sort,37.05,19.722,0.013
86,ubuntu_pc,heap_sort,49.37,19.706,0.033
87,ubuntu_pc,bubble_sort,99.68,19.575,5.871
87,ubuntu_pc,selection_sort,98.39,19.62,1.578
87,ubuntu_pc,insertion_sort,98.92,19.624,1.643
87,ubuntu_pc,merge_sort,37.1,19.939,0.021
87,ubuntu_pc,quick_sort,37.0,19.649,0.013
87,ubuntu_pc,heap_sort,49.7,19.632,0.032
88,ubuntu_pc,bubble_sort,99.71,19.649,6.022
88,ubuntu_pc,selection_sort,98.45,19.689,1.614
88,ubuntu_pc,insertion_sort,99.04,19.694,1.648
88,ubuntu_pc,merge_sort,36.95,20.005,0.021
88,ubuntu_pc,quick_sort,36.95,19.718,0.012
88,ubuntu_pc,heap_sort,49.43,19.702,0.033
89,ubuntu_pc,bubble_sort,99.67,19.62,5.948
89,ubuntu_pc,selection_sort,98.53,19.665,1.59
89,ubuntu_pc,insertion_sort,99.06,19.669,1.648
89,ubuntu_pc,merge_sort,0.0,19.98,0.021
89,ubuntu_pc,quick_sort,36.95,19.689,0.012
89,ubuntu_pc,heap_sort,49.47,19.673,0.033
90,ubuntu_pc,bubble_sort,99.66,19.497,5.837
90,ubuntu_pc,selection_sort,98.61,19.538,1.609
90,ubuntu_pc,insertion_sort,98.64,19.542,1.681
90,ubuntu_pc,merge_sort,37.05,19.919,0.021
90,ubuntu_pc,quick_sort,36.85,19.562,0.013
90,ubuntu_pc,heap_sort,49.37,19.546,0.033
91,ubuntu_pc,bubble_sort,99.67,19.526,5.95
91,ubuntu_pc,selection_sort,98.83,19.571,1.586
91,ubuntu_pc,insertion_sort,99.13,19.575,1.635
91,ubuntu_pc,merge_sort,37.0,19.952,0.021
91,ubuntu_pc,quick_sort,36.85,19.595,0.013
91,ubuntu_pc,heap_sort,49.57,19.579,0.033
92,ubuntu_pc,bubble_sort,99.69,19.591,6.0
92,ubuntu_pc,selection_sort,98.56,19.636,1.61
92,ubuntu_pc,insertion_sort,99.1,19.636,1.678
92,ubuntu_pc,merge_sort,0.0,19.952,0.021
92,ubuntu_pc,quick_sort,36.9,19.665,0.013
92,ubuntu_pc,heap_sort,49.5,19.649,0.032
93,ubuntu_pc,bubble_sort,99.59,19.419,5.869
93,ubuntu_pc,selection_sort,98.4,19.464,1.578
93,ubuntu_pc,insertion_sort,98.88,19.468,1.654
93,ubuntu_pc,merge_sort,0.0,19.784,0.021
93,ubuntu_pc,quick_sort,37.1,19.493,0.012
93,ubuntu_pc,heap_sort,49.4,19.476,0.032
94,ubuntu_pc,bubble_sort,99.76,19.436,5.88
94,ubuntu_pc,selection_sort,98.81,19.481,1.635
94,ubuntu_pc,insertion_sort,98.62,19.485,1.628
94,ubuntu_pc,merge_sort,37.0,19.853,0.021
94,ubuntu_pc,quick_sort,37.15,19.505,0.013
94,ubuntu_pc,heap_sort,49.67,19.489,0.032
95,ubuntu_pc,bubble_sort,99.57,19.493,5.956
95,ubuntu_pc,selection_sort,99.03,19.534,1.574
95,ubuntu_pc,insertion_sort,98.48,19.538,1.682
95,ubuntu_pc,merge_sort,0.0,19.853,0.021
95,ubuntu_pc,quick_sort,37.0,19.562,0.013
95,ubuntu_pc,heap_sort,49.57,19.55,0.032
96,ubuntu_pc,bubble_sort,99.62,19.468,5.818
96,ubuntu_pc,selection_sort,99.17,19.509,1.574
96,ubuntu_pc,insertion_sort,99.06,19.513,1.677
96,ubuntu_pc,merge_sort,37.15,19.894,0.021
96,ubuntu_pc,quick_sort,37.3,19.538,0.013
96,ubuntu_pc,heap_sort,49.43,19.526,0.032
97,ubuntu_pc,bubble_sort,99.69,19.431,5.894
97,ubuntu_pc,selection_sort,98.44,19.472,1.576
97,ubuntu_pc,insertion_sort,98.45,19.476,1.639
97,ubuntu_pc,merge_sort,36.95,19.857,0.021
97,ubuntu_pc,quick_sort,36.9,19.501,0.013
97,ubuntu_pc,heap_sort,49.7,19.489,0.032
98,ubuntu_pc,bubble_sort,99.61,19.599,5.88
98,ubuntu_pc,selection_sort,98.85,19.644,1.586
98,ubuntu_pc,insertion_sort,99.0,19.649,1.684
98,ubuntu_pc,merge_sort,37.0,19.96,0.021
98,ubuntu_pc,quick_sort,36.75,19.669,0.013
98,ubuntu_pc,heap_sort,49.47,19.653,0.033
99,ubuntu_pc,bubble_sort,99.29,19.468,5.925
99,ubuntu_pc,selection_sort,98.65,19.509,1.635
99,ubuntu_pc,insertion_sort,98.84,19.513,1.696
99,ubuntu_pc,merge_sort,0.0,19.825,0.021
99,ubuntu_pc,quick_sort,37.2,19.534,0.013
99,ubuntu_pc,heap_sort,49.37,19.517,0.033
100,ubuntu_pc,bubble_sort,99.55,19.636,5.816
100,ubuntu_pc,selection_sort,98.61,19.681,1.601
100,ubuntu_pc,insertion_sort,98.36,19.685,1.646
100,ubuntu_pc,merge_sort,36.9,19.997,0.021
100,ubuntu_pc,quick_sort,36.8,19.706,0.013
100,ubuntu_pc,heap_sort,49.37,19.689,0.032
101,ubuntu_pc,bubble_sort,99.44,19.575,5.93
101,ubuntu_pc,selection_sort,98.64,19.62,1.648
101,ubuntu_pc,insertion_sort,98.7,19.62,1.664
101,ubuntu_pc,merge_sort,36.95,19.935,0.022
101,ubuntu_pc,quick_sort,37.05,19.644,0.013
101,ubuntu_pc,heap_sort,49.5,19.632,0.032
102,ubuntu_pc,bubble_sort,99.62,19.616,5.942
102,ubuntu_pc,selection_sort,98.53,19.661,1.611
102,ubuntu_pc,insertion_sort,99.0,19.661,1.732
102,ubuntu_pc,merge_sort,37.35,19.964,0.021
102,ubuntu_pc,quick_sort,37.0,19.685,0.013
102,ubuntu_pc,heap_sort,49.33,19.669,0.032
103,ubuntu_pc,bubble_sort,99.6,19.419,5.918
103,ubuntu_pc,selection_sort,98.39,19.46,1.62
103,ubuntu_pc,insertion_sort,99.01,19.464,1.713
103,ubuntu_pc,merge_sort,37.0,19.853,0.021
103,ubuntu_pc,quick_sort,37.1,19.489,0.012
103,ubuntu_pc,heap_sort,49.4,19.472,0.035
104,ubuntu_pc,bubble_sort,99.62,19.493,6.027
104,ubuntu_pc,selection_sort,98.53,19.534,1.611
104,ubuntu_pc,insertion_sort,99.09,19.538,1.674
104,ubuntu_pc,merge_sort,37.0,19.849,0.021
104,ubuntu_pc,quick_sort,36.9,19.558,0.012
104,ubuntu_pc,heap_sort,49.43,19.542,0.032
105,ubuntu_pc,bubble_sort,99.63,19.603,5.88
105,ubuntu_pc,selection_sort,98.92,19.649,1.613
105,ubuntu_pc,insertion_sort,98.65,19.653,1.712
105,ubuntu_pc,merge_sort,36.9,19.968,0.023
105,ubuntu_pc,quick_sort,37.0,19.673,0.013
105,ubuntu_pc,heap_sort,49.53,19.661,0.035
106,ubuntu_pc,bubble_sort,99.7,19.632,6.04
106,ubuntu_pc,selection_sort,98.83,19.677,1.676
106,ubuntu_pc,insertion_sort,97.82,19.677,1.876
106,ubuntu_pc,merge_sort,36.85,19.993,0.021
106,ubuntu_pc,quick_sort,37.05,19.702,0.012
106,ubuntu_pc,heap_sort,49.27,19.689,0.032
107,ubuntu_pc,bubble_sort,99.77,19.64,5.999
107,ubuntu_pc,selection_sort,98.75,19.681,1.64
107,ubuntu_pc,insertion_sort,98.76,19.685,1.667
107,ubuntu_pc,merge_sort,0.0,19.997,0.021
107,ubuntu_pc,quick_sort,37.25,19.706,0.012
107,ubuntu_pc,heap_sort,49.4,19.689,0.032
108,ubuntu_pc,bubble_sort,99.54,19.722,6.06
108,ubuntu_pc,selection_sort,98.64,19.767,1.606
108,ubuntu_pc,insertion_sort,98.99,19.771,1.829
108,ubuntu_pc,merge_sort,49.37,20.07,0.025
108,ubuntu_pc,quick_sort,36.55,19.792,0.019
108,ubuntu_pc,heap_sort,55.4,19.78,0.044
109,ubuntu_pc,bubble_sort,99.64,19.591,5.948
109,ubuntu_pc,selection_sort,98.97,19.636,1.653
109,ubuntu_pc,insertion_sort,98.86,19.636,1.745
109,ubuntu_pc,merge_sort,36.95,19.952,0.021
109,ubuntu_pc,quick_sort,36.9,19.661,0.013
109,ubuntu_pc,heap_sort,49.6,19.644,0.032
110,ubuntu_pc,bubble_sort,99.65,19.612,6.105
110,ubuntu_pc,selection_sort,98.59,19.653,1.599
110,ubuntu_pc,insertion_sort,98.61,19.657,1.684
110,ubuntu_pc,merge_sort,37.1,19.968,0.021
110,ubuntu_pc,quick_sort,37.15,19.677,0.013
110,ubuntu_pc,heap_sort,49.43,19.661,0.032
111,ubuntu_pc,bubble_sort,99.61,19.427,5.92
111,ubuntu_pc,selection_sort,98.38,19.472,1.614
111,ubuntu_pc,insertion_sort,99.03,19.472,1.719
111,ubuntu_pc,merge_sort,36.7,19.796,0.022
111,ubuntu_pc,quick_sort,36.85,19.497,0.013
111,ubuntu_pc,heap_sort,49.2,19.481,0.033
112,ubuntu_pc,bubble_sort,99.59,19.612,5.975
112,ubuntu_pc,selection_sort,98.11,19.653,1.638
112,ubuntu_pc,insertion_sort,98.87,19.657,1.853
112,ubuntu_pc,merge_sort,37.05,19.956,0.023
112,ubuntu_pc,quick_sort,37.3,19.677,0.013
112,ubuntu_pc,heap_sort,50.07,19.661,0.032
113,ubuntu_pc,bubble_sort,99.65,19.567,6.147
113,ubuntu_pc,selection_sort,99.15,19.608,1.649
113,ubuntu_pc,insertion_sort,98.54,19.612,1.728
113,ubuntu_pc,merge_sort,37.15,19.927,0.021
113,ubuntu_pc,quick_sort,36.95,19.636,0.013
113,ubuntu_pc,heap_sort,49.57,19.62,0.034
114,ubuntu_pc,bubble_sort,99.6,19.595,5.961
114,ubuntu_pc,selection_sort,98.9,19.636,1.626
114,ubuntu_pc,insertion_sort,98.67,19.64,1.705
114,ubuntu_pc,merge_sort,36.85,19.956,0.022
114,ubuntu_pc,quick_sort,36.8,19.665,0.016
114,ubuntu_pc,heap_sort,49.47,19.649,0.033
115,ubuntu_pc,bubble_sort,99.64,19.567,6.063
115,ubuntu_pc,selection_sort,98.94,19.612,1.622
115,ubuntu_pc,insertion_sort,98.95,19.612,1.692
115,ubuntu_pc,merge_sort,37.0,19.927,0.021
115,ubuntu_pc,quick_sort,37.1,19.636,0.013
115,ubuntu_pc,heap_sort,49.53,19.62,0.032
116,ubuntu_pc,bubble_sort,99.62,19.534,6.069
116,ubuntu_pc,selection_sort,98.99,19.579,1.631
116,ubuntu_pc,insertion_sort,98.73,19.579,1.749
116,ubuntu_pc,merge_sort,37.1,19.948,0.021
116,ubuntu_pc,quick_sort,37.35,19.603,0.013
116,ubuntu_pc,heap_sort,49.6,19.587,0.032
117,ubuntu_pc,bubble_sort,99.61,19.436,6.005
117,ubuntu_pc,selection_sort,98.8,19.476,1.591
117,ubuntu_pc,insertion_sort,99.15,19.481,1.67
117,ubuntu_pc,merge_sort,36.9,19.857,0.021
117,ubuntu_pc,quick_sort,37.1,19.501,0.013
117,ubuntu_pc,heap_sort,49.37,19.485,0.037
118,ubuntu_pc,bubble_sort,99.77,19.591,6.13
118,ubuntu_pc,selection_sort,98.96,19.632,1.657
118,ubuntu_pc,insertion_sort,98.54,19.636,1.756
118,ubuntu_pc,merge_sort,0.0,19.948,0.021
118,ubuntu_pc,quick_sort,36.95,19.657,0.013
118,ubuntu_pc,heap_sort,49.33,19.64,0.032
119,ubuntu_pc,bubble_sort,99.6,19.644,5.93
119,ubuntu_pc,selection_sort,98.76,19.689,1.59
119,ubuntu_pc,insertion_sort,98.57,19.694,1.717
119,ubuntu_pc,merge_sort,36.85,20.005,0.023
119,ubuntu_pc,quick_sort,36.9,19.714,0.012
119,ubuntu_pc,heap_sort,49.47,19.698,0.033
120,ubuntu_pc,bubble_sort,99.66,19.62,5.918
120,ubuntu_pc,selection_sort,98.61,19.665,1.644
120,ubuntu_pc,insertion_sort,98.53,19.669,1.673
120,ubuntu_pc,merge_sort,36.85,19.98,0.021
120,ubuntu_pc,quick_sort,36.95,19.689,0.012
120,ubuntu_pc,heap_sort,49.7,19.673,0.033
121,ubuntu_pc,bubble_sort,99.65,19.665,5.956
121,ubuntu_pc,selection_sort,98.57,19.71,1.642
121,ubuntu_pc,insertion_sort,98.66,19.714,1.67
121,ubuntu_pc,merge_sort,36.95,20.025,0.021
121,ubuntu_pc,quick_sort,36.95,19.735,0.013
121,ubuntu_pc,heap_sort,49.5,19.718,0.032
122,ubuntu_pc,bubble_sort,99.38,19.562,6.116
122,ubuntu_pc,selection_sort,98.5,19.608,1.606
122,ubuntu_pc,insertion_sort,98.51,19.608,1.721
122,ubuntu_pc,merge_sort,0.0,19.923,0.021
122,ubuntu_pc,quick_sort,37.1,19.632,0.012
122,ubuntu_pc,heap_sort,49.5,19.62,0.032
123,ubuntu_pc,bubble_sort,99.6,19.587,6.084
123,ubuntu_pc,selection_sort,98.48,19.632,1.799
123,ubuntu_pc,insertion_sort,98.36,19.632,1.838
123,ubuntu_pc,merge_sort,36.95,19.931,0.021
123,ubuntu_pc,quick_sort,36.9,19.653,0.013
123,ubuntu_pc,heap_sort,49.4,19.636,0.033
124,ubuntu_pc,bubble_sort,99.59,19.628,6.085
124,ubuntu_pc,selection_sort,98.88,19.673,1.772
124,ubuntu_pc,insertion_sort,99.28,19.673,1.974
124,ubuntu_pc,merge_sort,36.9,19.972,0.022
124,ubuntu_pc,quick_sort,36.9,19.694,0.013
124,ubuntu_pc,heap_sort,49.33,19.681,0.036
125,ubuntu_pc,bubble_sort,99.67,19.636,6.299
125,ubuntu_pc,selection_sort,98.37,19.677,1.678
125,ubuntu_pc,insertion_sort,98.65,19.681,1.783
125,ubuntu_pc,merge_sort,37.15,19.993,0.021
125,ubuntu_pc,quick_sort,36.9,19.702,0.015
125,ubuntu_pc,heap_sort,49.43,19.685,0.034
126,ubuntu_pc,bubble_sort,99.65,19.546,6.108
126,ubuntu_pc,selection_sort,98.6,19.591,1.683
126,ubuntu_pc,insertion_sort,98.71,19.595,1.733
126,ubuntu_pc,merge_sort,36.85,19.907,0.022
126,ubuntu_pc,quick_sort,36.55,19.616,0.013
126,ubuntu_pc,heap_sort,49.63,19.599,0.033
127,ubuntu_pc,bubble_sort,99.64,19.571,6.097
127,ubuntu_pc,selection_sort,98.74,19.616,1.596
127,ubuntu_pc,insertion_sort,98.56,19.62,1.691
127,ubuntu_pc,merge_sort,36.8,19.931,0.021
127,ubuntu_pc,quick_sort,37.1,19.64,0.013
127,ubuntu_pc,heap_sort,49.43,19.624,0.032
128,ubuntu_pc,bubble_sort,99.75,19.46,6.118
128,ubuntu_pc,selection_sort,98.87,19.501,1.588
128,ubuntu_pc,insertion_sort,98.75,19.505,1.664
128,ubuntu_pc,merge_sort,37.1,19.816,0.021
128,ubuntu_pc,quick_sort,37.1,19.526,0.013
128,ubuntu_pc,heap_sort,49.53,19.509,0.032
129,ubuntu_pc,bubble_sort,99.71,19.571,5.95
129,ubuntu_pc,selection_sort,98.51,19.612,1.613
129,ubuntu_pc,insertion_sort,98.93,19.616,1.693
129,ubuntu_pc,merge_sort,36.95,19.927,0.021
129,ubuntu_pc,quick_sort,37.15,19.636,0.012
129,ubuntu_pc,heap_sort,49.63,19.62,0.032
130,ubuntu_pc,bubble_sort,99.64,19.612,5.842
130,ubuntu_pc,selection_sort,98.71,19.657,1.606
130,ubuntu_pc,insertion_sort,98.57,19.661,1.651
130,ubuntu_pc,merge_sort,37.2,19.972,0.021
130,ubuntu_pc,quick_sort,37.1,19.681,0.013
130,ubuntu_pc,heap_sort,49.53,19.665,0.032
131,ubuntu_pc,bubble_sort,99.69,19.644,5.895
131,ubuntu_pc,selection_sort,98.73,19.685,1.596
131,ubuntu_pc,insertion_sort,98.79,19.689,1.669
131,ubuntu_pc,merge_sort,36.95,20.001,0.021
131,ubuntu_pc,quick_sort,37.0,19.71,0.012
131,ubuntu_pc,heap_sort,49.53,19.694,0.032
132,ubuntu_pc,bubble_sort,99.55,19.673,5.982
132,ubuntu_pc,selection_sort,98.64,19.714,1.607
132,ubuntu_pc,insertion_sort,98.87,19.718,1.688
132,ubuntu_pc,merge_sort,37.0,20.029,0.021
132,ubuntu_pc,quick_sort,37.0,19.739,0.013
132,ubuntu_pc,heap_sort,49.6,19.722,0.032
133,ubuntu_pc,bubble_sort,99.72,19.567,5.932
133,ubuntu_pc,selection_sort,98.8,19.608,1.592
133,ubuntu_pc,insertion_sort,98.55,19.612,1.675
133,ubuntu_pc,merge_sort,37.15,19.923,0.021
133,ubuntu_pc,quick_sort,36.95,19.632,0.012
133,ubuntu_pc,heap_sort,49.43,19.616,0.032
134,ubuntu_pc,bubble_sort,99.54,19.595,5.843
134,ubuntu_pc,selection_sort,99.02,19.636,1.579
134,ubuntu_pc,insertion_sort,98.81,19.64,1.665
134,ubuntu_pc,merge_sort,36.9,19.956,0.021
134,ubuntu_pc,quick_sort,36.95,19.665,0.013
134,ubuntu_pc,heap_sort,49.5,19.649,0.032
135,ubuntu_pc,bubble_sort,99.64,19.644,5.891
135,ubuntu_pc,selection_sort,98.83,19.689,1.589
135,ubuntu_pc,insertion_sort,99.11,19.689,1.671
135,ubuntu_pc,merge_sort,37.15,20.005,0.021
135,ubuntu_pc,quick_sort,37.0,19.714,0.013
135,ubuntu_pc,heap_sort,49.63,19.698,0.032
136,ubuntu_pc,bubble_sort,99.73,19.616,5.9
136,ubuntu_pc,selection_sort,99.0,19.657,1.665
136,ubuntu_pc,insertion_sort,98.67,19.661,1.709
136,ubuntu_pc,merge_sort,0.0,19.972,0.021
136,ubuntu_pc,quick_sort,36.9,19.681,0.013
136,ubuntu_pc,heap_sort,49.53,19.665,0.034
137,ubuntu_pc,bubble_sort,99.64,19.706,6.028
137,ubuntu_pc,selection_sort,98.54,19.747,1.612
137,ubuntu_pc,insertion_sort,99.1,19.751,1.72
137,ubuntu_pc,merge_sort,36.8,20.066,0.022
137,ubuntu_pc,quick_sort,36.95,19.775,0.012
137,ubuntu_pc,heap_sort,49.6,19.759,0.033
138,ubuntu_pc,bubble_sort,99.63,19.636,6.006
138,ubuntu_pc,selection_sort,98.75,19.677,1.598
138,ubuntu_pc,insertion_sort,99.19,19.681,1.669
138,ubuntu_pc,merge_sort,37.2,19.993,0.021
138,ubuntu_pc,quick_sort,37.05,19.702,0.013
138,ubuntu_pc,heap_sort,49.37,19.685,0.032
139,ubuntu_pc,bubble_sort,99.59,19.636,5.859
139,ubuntu_pc,selection_sort,98.87,19.677,1.583
139,ubuntu_pc,insertion_sort,98.88,19.681,1.647
139,ubuntu_pc,merge_sort,37.05,19.993,0.021
139,ubuntu_pc,quick_sort,37.1,19.702,0.013
139,ubuntu_pc,heap_sort,49.43,19.685,0.032
140,ubuntu_pc,bubble_sort,99.66,19.62,5.951
140,ubuntu_pc,selection_sort,98.84,19.661,1.584
140,ubuntu_pc,insertion_sort,98.65,19.665,1.629
140,ubuntu_pc,merge_sort,37.0,19.98,0.021
140,ubuntu_pc,quick_sort,36.9,19.689,0.012
140,ubuntu_pc,heap_sort,49.43,19.673,0.031
141,ubuntu_pc,bubble_sort,99.6,19.624,5.93
141,ubuntu_pc,selection_sort,98.84,19.665,1.636
141,ubuntu_pc,insertion_sort,98.75,19.669,1.7
141,ubuntu_pc,merge_sort,36.95,19.98,0.021
141,ubuntu_pc,quick_sort,0.0,19.689,0.012
141,ubuntu_pc,heap_sort,49.57,19.673,0.032
142,ubuntu_pc,bubble_sort,99.64,19.661,5.914
142,ubuntu_pc,selection_sort,98.62,19.702,1.609
142,ubuntu_pc,insertion_sort,98.52,19.706,1.68
142,ubuntu_pc,merge_sort,37.1,20.021,0.021
142,ubuntu_pc,quick_sort,36.85,19.73,0.013
142,ubuntu_pc,heap_sort,49.47,19.718,0.032
143,ubuntu_pc,bubble_sort,99.65,19.476,5.897
143,ubuntu_pc,selection_sort,98.74,19.517,1.608
143,ubuntu_pc,insertion_sort,98.68,19.522,1.639
143,ubuntu_pc,merge_sort,37.1,19.833,0.021
143,ubuntu_pc,quick_sort,37.15,19.542,0.013
143,ubuntu_pc,heap_sort,49.43,19.53,0.032
144,ubuntu_pc,bubble_sort,99.68,19.542,5.793
144,ubuntu_pc,selection_sort,99.15,19.583,1.614
144,ubuntu_pc,insertion_sort,98.9,19.587,1.646
144,ubuntu_pc,merge_sort,0.0,19.968,0.021
144,ubuntu_pc,quick_sort,37.05,19.612,0.012
144,ubuntu_pc,heap_sort,49.47,19.595,0.032
145,ubuntu_pc,bubble_sort,99.6,19.591,5.925
145,ubuntu_pc,selection_sort,98.37,19.632,1.583
145,ubuntu_pc,insertion_sort,99.05,19.636,1.673
145,ubuntu_pc,merge_sort,37.0,19.952,0.021
145,ubuntu_pc,quick_sort,36.75,19.665,0.012
145,ubuntu_pc,heap_sort,49.43,19.644,0.032
146,ubuntu_pc,bubble_sort,99.63,19.665,5.877
146,ubuntu_pc,selection_sort,98.84,19.71,1.588
146,ubuntu_pc,insertion_sort,98.92,19.714,1.649
146,ubuntu_pc,merge_sort,37.05,20.025,0.021
146,ubuntu_pc,quick_sort,37.05,19.735,0.012
146,ubuntu_pc,heap_sort,49.53,19.722,0.032
147,ubuntu_pc,bubble_sort,99.53,19.747,5.867
147,ubuntu_pc,selection_sort,98.59,19.788,1.57
147,ubuntu_pc,insertion_sort,98.66,19.792,1.657
147,ubuntu_pc,merge_sort,37.1,20.107,0.021
147,ubuntu_pc,quick_sort,47.83,19.816,0.033
147,ubuntu_pc,heap_sort,49.37,19.8,0.033
148,ubuntu_pc,bubble_sort,99.57,19.44,5.9
148,ubuntu_pc,selection_sort,97.88,19.485,1.648
148,ubuntu_pc,insertion_sort,98.87,19.489,1.706
148,ubuntu_pc,merge_sort,36.8,19.8,0.021
148,ubuntu_pc,quick_sort,36.9,19.509,0.013
148,ubuntu_pc,heap_sort,49.47,19.493,0.032
149,ubuntu_pc,bubble_sort,99.66,19.73,5.968
149,ubuntu_pc,selection_sort,98.82,19.775,1.585
149,ubuntu_pc,insertion_sort,98.57,19.78,1.675
149,ubuntu_pc,merge_sort,37.15,20.091,0.021
149,ubuntu_pc,quick_sort,36.9,19.8,0.013
149,ubuntu_pc,heap_sort,49.33,19.784,0.033
150,ubuntu_pc,bubble_sort,99.58,19.636,6.001
150,ubuntu_pc,selection_sort,98.82,19.681,1.668
150,ubuntu_pc,insertion_sort,98.44,19.681,1.727
150,ubuntu_pc,merge_sort,37.1,19.997,0.021
150,ubuntu_pc,quick_sort,47.67,19.706,0.034
150,ubuntu_pc,heap_sort,49.4,19.689,0.038
151,ubuntu_pc,bubble_sort,99.71,19.624,6.06
151,ubuntu_pc,selection_sort,98.97,19.669,1.591
151,ubuntu_pc,insertion_sort,98.65,19.669,1.668
151,ubuntu_pc,merge_sort,37.0,19.984,0.021
151,ubuntu_pc,quick_sort,37.1,19.694,0.012
151,ubuntu_pc,heap_sort,49.53,19.677,0.032
152,ubuntu_pc,bubble_sort,99.69,19.689,5.804
152,ubuntu_pc,selection_sort,98.99,19.735,1.581
152,ubuntu_pc,insertion_sort,98.73,19.735,1.656
152,ubuntu_pc,merge_sort,37.0,20.046,0.021
152,ubuntu_pc,quick_sort,37.15,19.763,0.012
152,ubuntu_pc,heap_sort,49.57,19.751,0.032
153,ubuntu_pc,bubble_sort,99.71,19.685,5.813
153,ubuntu_pc,selection_sort,98.99,19.726,1.577
153,ubuntu_pc,insertion_sort,98.62,19.73,1.668
153,ubuntu_pc,merge_sort,0.0,20.046,0.021
153,ubuntu_pc,quick_sort,37.0,19.755,0.012
153,ubuntu_pc,heap_sort,49.5,19.739,0.031
154,ubuntu_pc,bubble_sort,99.58,19.595,5.888
154,ubuntu_pc,selection_sort,98.39,19.636,1.579
154,ubuntu_pc,insertion_sort,98.94,19.64,1.648
154,ubuntu_pc,merge_sort,37.1,19.956,0.021
154,ubuntu_pc,quick_sort,0.0,19.665,0.012
154,ubuntu_pc,heap_sort,49.43,19.649,0.032
155,ubuntu_pc,bubble_sort,99.58,19.595,5.874
155,ubuntu_pc,selection_sort,99.05,19.64,1.578
155,ubuntu_pc,insertion_sort,98.78,19.64,1.655
155,ubuntu_pc,merge_sort,37.0,19.96,0.021
155,ubuntu_pc,quick_sort,36.95,19.669,0.012
155,ubuntu_pc,heap_sort,49.43,19.657,0.032
156,ubuntu_pc,bubble_sort,99.73,19.485,5.926
156,ubuntu_pc,selection_sort,98.61,19.526,1.6
156,ubuntu_pc,insertion_sort,98.47,19.53,1.679
156,ubuntu_pc,merge_sort,37.0,19.907,0.021
156,ubuntu_pc,quick_sort,37.05,19.55,0.012
156,ubuntu_pc,heap_sort,49.4,19.538,0.032
157,ubuntu_pc,bubble_sort,99.65,19.644,5.919
157,ubuntu_pc,selection_sort,98.62,19.689,1.598
157,ubuntu_pc,insertion_sort,98.73,19.694,1.665
157,ubuntu_pc,merge_sort,37.05,20.005,0.021
157,ubuntu_pc,quick_sort,37.0,19.714,0.012
157,ubuntu_pc,heap_sort,49.57,19.698,0.032
158,ubuntu_pc,bubble_sort,99.64,19.669,6.011
158,ubuntu_pc,selection_sort,98.87,19.71,1.587
158,ubuntu_pc,insertion_sort,98.53,19.714,1.673
158,ubuntu_pc,merge_sort,0.0,20.025,0.021
158,ubuntu_pc,quick_sort,37.05,19.735,0.012
158,ubuntu_pc,heap_sort,49.8,19.718,0.032
159,ubuntu_pc,bubble_sort,99.71,19.632,5.944
159,ubuntu_pc,selection_sort,98.59,19.673,1.602
159,ubuntu_pc,insertion_sort,98.84,19.677,1.646
159,ubuntu_pc,merge_sort,36.95,19.988,0.021
159,ubuntu_pc,quick_sort,36.95,19.698,0.012
159,ubuntu_pc,heap_sort,49.43,19.681,0.032
160,ubuntu_pc,bubble_sort,99.62,19.62,5.899
160,ubuntu_pc,selection_sort,98.81,19.665,1.591
160,ubuntu_pc,insertion_sort,99.03,19.665,1.683
160,ubuntu_pc,merge_sort,37.2,19.98,0.021
160,ubuntu_pc,quick_sort,37.0,19.689,0.012
160,ubuntu_pc,heap_sort,49.73,19.677,0.032
161,ubuntu_pc,bubble_sort,99.65,19.558,5.957
161,ubuntu_pc,selection_sort,98.53,19.603,1.571
161,ubuntu_pc,insertion_sort,98.75,19.603,1.659
161,ubuntu_pc,merge_sort,37.0,19.988,0.021
161,ubuntu_pc,quick_sort,36.9,19.632,0.012
161,ubuntu_pc,heap_sort,49.53,19.616,0.031
162,ubuntu_pc,bubble_sort,99.65,19.624,5.878
162,ubuntu_pc,selection_sort,98.79,19.665,1.593
162,ubuntu_pc,insertion_sort,98.67,19.669,1.658
162,ubuntu_pc,merge_sort,0.0,19.98,0.02
162,ubuntu_pc,quick_sort,36.85,19.689,0.012
162,ubuntu_pc,heap_sort,49.5,19.673,0.032
163,ubuntu_pc,bubble_sort,99.67,19.456,5.997
163,ubuntu_pc,selection_sort,98.92,19.501,1.614
163,ubuntu_pc,insertion_sort,99.0,19.501,1.72
163,ubuntu_pc,merge_sort,37.2,19.89,0.021
163,ubuntu_pc,quick_sort,36.85,19.526,0.012
163,ubuntu_pc,heap_sort,49.4,19.509,0.032
164,ubuntu_pc,bubble_sort,99.66,19.726,5.914
164,ubuntu_pc,selection_sort,98.89,19.767,1.594
164,ubuntu_pc,insertion_sort,98.51,19.771,1.637
164,ubuntu_pc,merge_sort,36.95,20.083,0.021
164,ubuntu_pc,quick_sort,37.25,19.792,0.012
164,ubuntu_pc,heap_sort,49.43,19.78,0.032
165,ubuntu_pc,bubble_sort,99.66,19.706,6.1
165,ubuntu_pc,selection_sort,98.69,19.751,1.608
165,ubuntu_pc,insertion_sort,98.56,19.755,1.691
165,ubuntu_pc,merge_sort,36.8,20.066,0.021
165,ubuntu_pc,quick_sort,36.9,19.775,0.013
165,ubuntu_pc,heap_sort,49.57,19.763,0.032
166,ubuntu_pc,bubble_sort,99.58,19.583,6.093
166,ubuntu_pc,selection_sort,99.09,19.628,1.663
166,ubuntu_pc,insertion_sort,98.78,19.632,1.705
166,ubuntu_pc,merge_sort,36.9,19.943,0.021
166,ubuntu_pc,quick_sort,37.0,19.653,0.013
166,ubuntu_pc,heap_sort,49.47,19.636,0.033
167,ubuntu_pc,bubble_sort,99.61,19.665,5.992
167,ubuntu_pc,selection_sort,98.66,19.706,1.601
167,ubuntu_pc,insertion_sort,98.93,19.71,1.643
167,ubuntu_pc,merge_sort,37.0,20.021,0.021
167,ubuntu_pc,quick_sort,36.95,19.73,0.013
167,ubuntu_pc,heap_sort,49.5,19.714,0.032
168,ubuntu_pc,bubble_sort,99.7,19.489,5.968
168,ubuntu_pc,selection_sort,98.51,19.53,1.574
168,ubuntu_pc,insertion_sort,99.0,19.534,1.685
168,ubuntu_pc,merge_sort,37.05,19.915,0.021
168,ubuntu_pc,quick_sort,36.7,19.558,0.013
168,ubuntu_pc,heap_sort,49.4,19.542,0.032
169,ubuntu_pc,bubble_sort,99.69,19.608,5.905
169,ubuntu_pc,selection_sort,99.18,19.649,1.62
169,ubuntu_pc,insertion_sort,99.06,19.653,1.681
169,ubuntu_pc,merge_sort,0.0,19.964,0.022
169,ubuntu_pc,quick_sort,37.1,19.673,0.013
169,ubuntu_pc,heap_sort,49.57,19.657,0.034
170,ubuntu_pc,bubble_sort,99.74,19.587,5.812
170,ubuntu_pc,selection_sort,98.45,19.628,1.57
170,ubuntu_pc,insertion_sort,98.67,19.632,1.628
170,ubuntu_pc,merge_sort,37.1,19.948,0.021
170,ubuntu_pc,quick_sort,36.75,19.657,0.013
170,ubuntu_pc,heap_sort,49.6,19.64,0.032
171,ubuntu_pc,bubble_sort,99.71,19.661,5.915
171,ubuntu_pc,selection_sort,98.46,19.702,1.571
171,ubuntu_pc,insertion_sort,98.7,19.706,1.666
171,ubuntu_pc,merge_sort,37.0,20.021,0.021
171,ubuntu_pc,quick_sort,36.95,19.73,0.012
171,ubuntu_pc,heap_sort,49.47,19.714,0.032
172,ubuntu_pc,bubble_sort,99.64,19.673,5.947
172,ubuntu_pc,selection_sort,98.43,19.718,1.615
172,ubuntu_pc,insertion_sort,98.69,19.718,1.661
172,ubuntu_pc,merge_sort,0.0,20.034,0.021
172,ubuntu_pc,quick_sort,37.1,19.743,0.013
172,ubuntu_pc,heap_sort,49.9,19.726,0.032
173,ubuntu_pc,bubble_sort,99.59,19.603,5.897
173,ubuntu_pc,selection_sort,98.42,19.644,1.574
173,ubuntu_pc,insertion_sort,98.88,19.649,1.649
173,ubuntu_pc,merge_sort,36.95,19.968,0.021
173,ubuntu_pc,quick_sort,36.9,19.677,0.013
173,ubuntu_pc,heap_sort,49.57,19.661,0.032
174,ubuntu_pc,bubble_sort,99.71,19.53,6.025
174,ubuntu_pc,selection_sort,98.56,19.575,1.612
174,ubuntu_pc,insertion_sort,99.12,19.579,1.724
174,ubuntu_pc,merge_sort,37.05,19.943,0.022
174,ubuntu_pc,quick_sort,37.2,19.599,0.013
174,ubuntu_pc,heap_sort,49.13,19.583,0.033
175,ubuntu_pc,bubble_sort,99.63,19.632,5.879
175,ubuntu_pc,selection_sort,98.56,19.673,1.616
175,ubuntu_pc,insertion_sort,99.05,19.677,1.728
175,ubuntu_pc,merge_sort,37.05,19.98,0.021
175,ubuntu_pc,quick_sort,37.1,19.702,0.012
175,ubuntu_pc,heap_sort,49.57,19.685,0.032
176,ubuntu_pc,bubble_sort,99.69,19.763,5.861
176,ubuntu_pc,selection_sort,98.42,19.808,1.578
176,ubuntu_pc,insertion_sort,98.71,19.808,1.667
176,ubuntu_pc,merge_sort,37.05,20.128,0.021
176,ubuntu_pc,quick_sort,37.25,19.837,0.012
176,ubuntu_pc,heap_sort,49.47,19.825,0.032
177,ubuntu_pc,bubble_sort,99.64,19.624,5.957
177,ubuntu_pc,selection_sort,98.74,19.665,1.635
177,ubuntu_pc,insertion_sort,98.57,19.669,1.674
177,ubuntu_pc,merge_sort,37.1,19.984,0.021
177,ubuntu_pc,quick_sort,37.15,19.694,0.012
177,ubuntu_pc,heap_sort,49.6,19.677,0.031
178,ubuntu_pc,bubble_sort,99.63,19.71,5.851
178,ubuntu_pc,selection_sort,98.85,19.751,1.596
178,ubuntu_pc,insertion_sort,98.67,19.755,1.629
178,ubuntu_pc,merge_sort,36.95,20.066,0.021
178,ubuntu_pc,quick_sort,37.0,19.775,0.012
178,ubuntu_pc,heap_sort,49.37,19.759,0.032
179,ubuntu_pc,bubble_sort,99.64,19.628,5.938
179,ubuntu_pc,selection_sort,99.02,19.673,1.613
179,ubuntu_pc,insertion_sort,98.84,19.673,1.817
179,ubuntu_pc,merge_sort,0.0,19.976,0.021
179,ubuntu_pc,quick_sort,37.15,19.702,0.013
179,ubuntu_pc,heap_sort,49.37,19.685,0.033
180,ubuntu_pc,bubble_sort,99.64,19.608,5.945
180,ubuntu_pc,selection_sort,99.05,19.653,1.613
180,ubuntu_pc,insertion_sort,99.04,19.657,1.725
180,ubuntu_pc,merge_sort,37.0,19.956,0.021
180,ubuntu_pc,quick_sort,37.25,19.677,0.013
180,ubuntu_pc,heap_sort,49.67,19.661,0.032
181,ubuntu_pc,bubble_sort,99.6,19.46,5.977
181,ubuntu_pc,selection_sort,99.0,19.501,1.612
181,ubuntu_pc,insertion_sort,98.66,19.505,1.674
181,ubuntu_pc,merge_sort,37.1,19.808,0.021
181,ubuntu_pc,quick_sort,36.95,19.526,0.012
181,ubuntu_pc,heap_sort,49.53,19.509,0.032
182,ubuntu_pc,bubble_sort,99.57,19.575,6.085
182,ubuntu_pc,selection_sort,98.95,19.62,1.662
182,ubuntu_pc,insertion_sort,99.11,19.624,1.678
182,ubuntu_pc,merge_sort,36.95,20.001,0.021
182,ubuntu_pc,quick_sort,37.05,19.644,0.013
182,ubuntu_pc,heap_sort,49.53,19.632,0.033
183,ubuntu_pc,bubble_sort,99.76,19.542,5.891
183,ubuntu_pc,selection_sort,98.42,19.587,1.58
183,ubuntu_pc,insertion_sort,98.98,19.591,1.649
183,ubuntu_pc,merge_sort,0.0,19.972,0.021
183,ubuntu_pc,quick_sort,37.1,19.616,0.013
183,ubuntu_pc,heap_sort,49.53,19.599,0.032
184,ubuntu_pc,bubble_sort,99.61,19.722,6.025
184,ubuntu_pc,selection_sort,99.04,19.767,1.572
184,ubuntu_pc,insertion_sort,98.68,19.767,1.668
184,ubuntu_pc,merge_sort,37.05,20.087,0.021
184,ubuntu_pc,quick_sort,37.0,19.8,0.013
184,ubuntu_pc,heap_sort,49.47,19.78,0.032
185,ubuntu_pc,bubble_sort,99.68,19.489,6.015
185,ubuntu_pc,selection_sort,98.36,19.534,1.719
185,ubuntu_pc,insertion_sort,98.79,19.534,1.714
185,ubuntu_pc,merge_sort,36.9,19.853,0.021
185,ubuntu_pc,quick_sort,37.1,19.554,0.013
185,ubuntu_pc,heap_sort,49.4,19.538,0.032
186,ubuntu_pc,bubble_sort,99.77,19.669,6.01
186,ubuntu_pc,selection_sort,98.63,19.71,1.597
186,ubuntu_pc,insertion_sort,98.67,19.714,1.669
186,ubuntu_pc,merge_sort,0.0,20.017,0.021
186,ubuntu_pc,quick_sort,37.0,19.735,0.012
186,ubuntu_pc,heap_sort,49.57,19.718,0.032
187,ubuntu_pc,bubble_sort,99.71,19.415,5.866
187,ubuntu_pc,selection_sort,98.6,19.526,1.566
187,ubuntu_pc,insertion_sort,98.86,19.464,1.645
187,ubuntu_pc,merge_sort,36.95,19.845,0.021
187,ubuntu_pc,quick_sort,37.15,19.489,0.012
187,ubuntu_pc,heap_sort,49.6,19.472,0.031
188,ubuntu_pc,bubble_sort,99.62,19.591,5.826
188,ubuntu_pc,selection_sort,98.88,19.636,1.588
188,ubuntu_pc,insertion_sort,98.71,19.64,1.662
188,ubuntu_pc,merge_sort,37.1,19.952,0.021
188,ubuntu_pc,quick_sort,47.87,19.661,0.033
188,ubuntu_pc,heap_sort,49.27,19.649,0.033
189,ubuntu_pc,bubble_sort,99.71,19.616,5.798
189,ubuntu_pc,selection_sort,98.43,19.661,1.571
189,ubuntu_pc,insertion_sort,98.68,19.665,1.664
189,ubuntu_pc,merge_sort,37.1,19.98,0.021
189,ubuntu_pc,quick_sort,36.7,19.689,0.013
189,ubuntu_pc,heap_sort,49.47,19.673,0.037
190,ubuntu_pc,bubble_sort,99.57,19.628,5.9
190,ubuntu_pc,selection_sort,98.41,19.669,1.583
190,ubuntu_pc,insertion_sort,98.52,19.673,1.673
190,ubuntu_pc,merge_sort,0.0,19.988,0.021
190,ubuntu_pc,quick_sort,37.2,19.698,0.012
190,ubuntu_pc,heap_sort,49.63,19.681,0.032
191,ubuntu_pc,bubble_sort,99.66,19.694,5.888
191,ubuntu_pc,selection_sort,98.93,19.739,1.617
191,ubuntu_pc,insertion_sort,98.62,19.739,1.754
191,ubuntu_pc,merge_sort,36.95,20.042,0.021
191,ubuntu_pc,quick_sort,37.1,19.763,0.013
191,ubuntu_pc,heap_sort,49.43,19.747,0.032
192,ubuntu_pc,bubble_sort,99.63,19.608,5.966
192,ubuntu_pc,selection_sort,98.92,19.649,1.59
192,ubuntu_pc,insertion_sort,98.75,19.653,1.663
192,ubuntu_pc,merge_sort,37.05,19.968,0.021
192,ubuntu_pc,quick_sort,37.1,19.677,0.013
192,ubuntu_pc,heap_sort,49.57,19.665,0.031
193,ubuntu_pc,bubble_sort,99.65,19.616,6.04
193,ubuntu_pc,selection_sort,99.04,19.657,1.613
193,ubuntu_pc,insertion_sort,98.71,19.661,1.664
193,ubuntu_pc,merge_sort,36.85,19.972,0.021
193,ubuntu_pc,quick_sort,37.15,19.681,0.013
193,ubuntu_pc,heap_sort,49.5,19.665,0.032
194,ubuntu_pc,bubble_sort,99.65,19.64,5.959
194,ubuntu_pc,selection_sort,98.35,19.685,1.573
194,ubuntu_pc,insertion_sort,98.66,19.689,1.667
194,ubuntu_pc,merge_sort,37.1,20.005,0.021
194,ubuntu_pc,quick_sort,37.05,19.718,0.013
194,ubuntu_pc,heap_sort,49.53,19.698,0.032
195,ubuntu_pc,bubble_sort,99.73,19.456,5.867
195,ubuntu_pc,selection_sort,98.96,19.497,1.584
195,ubuntu_pc,insertion_sort,98.66,19.501,1.849
195,ubuntu_pc,merge_sort,36.85,19.878,0.021
195,ubuntu_pc,quick_sort,37.05,19.522,0.013
195,ubuntu_pc,heap_sort,49.7,19.509,0.032
196,ubuntu_pc,bubble_sort,99.73,19.612,6.06
196,ubuntu_pc,selection_sort,99.12,19.653,1.61
196,ubuntu_pc,insertion_sort,98.75,19.657,1.738
196,ubuntu_pc,merge_sort,0.0,19.968,0.022
196,ubuntu_pc,quick_sort,37.0,19.677,0.013
196,ubuntu_pc,heap_sort,49.43,19.661,0.035
197,ubuntu_pc,bubble_sort,99.65,19.575,6.165
197,ubuntu_pc,selection_sort,99.23,19.62,1.852
197,ubuntu_pc,insertion_sort,98.9,19.62,1.708
197,ubuntu_pc,merge_sort,0.0,19.984,0.022
197,ubuntu_pc,quick_sort,37.55,19.64,0.012
197,ubuntu_pc,heap_sort,49.43,19.624,0.033
198,ubuntu_pc,bubble_sort,99.71,19.554,6.032
198,ubuntu_pc,selection_sort,98.17,19.595,1.595
198,ubuntu_pc,insertion_sort,98.72,19.599,1.697
198,ubuntu_pc,merge_sort,37.05,19.915,0.022
198,ubuntu_pc,quick_sort,37.0,19.624,0.013
198,ubuntu_pc,heap_sort,49.47,19.608,0.034
199,ubuntu_pc,bubble_sort,99.59,19.698,5.842
199,ubuntu_pc,selection_sort,98.89,19.739,1.594
199,ubuntu_pc,insertion_sort,99.07,19.743,1.671
199,ubuntu_pc,merge_sort,37.1,20.054,0.021
199,ubuntu_pc,quick_sort,36.65,19.763,0.012
199,ubuntu_pc,heap_sort,49.4,19.751,0.032
0,rasp_pi,bubble_sort,98.79,14.52,1.512
0,rasp_pi,selection_sort,96.58,14.545,0.464
0,rasp_pi,insertion_sort,95.89,14.549,0.488
0,rasp_pi,merge_sort,53.25,14.557,0.037
0,rasp_pi,quick_sort,69.17,14.565,0.023
0,rasp_pi,heap_sort,70.54,14.561,0.051
1,rasp_pi,bubble_sort,97.91,14.467,1.563
1,rasp_pi,selection_sort,94.4,14.5,0.468
1,rasp_pi,insertion_sort,96.31,14.504,0.514
1,rasp_pi,merge_sort,70.4,14.512,0.038
1,rasp_pi,quick_sort,47.57,14.52,0.024
1,rasp_pi,heap_sort,70.48,14.516,0.051
2,rasp_pi,bubble_sort,99.05,14.422,1.604
2,rasp_pi,selection_sort,97.76,14.447,0.481
2,rasp_pi,insertion_sort,95.11,14.451,0.502
2,rasp_pi,merge_sort,53.38,14.459,0.037
2,rasp_pi,quick_sort,70.37,14.467,0.023
2,rasp_pi,heap_sort,57.14,14.463,0.051
0,rasp_pi,bubble_sort,99.87,14.647,27.554
0,rasp_pi,selection_sort,99.69,14.709,8.008
0,rasp_pi,insertion_sort,99.67,14.696,8.713
0,rasp_pi,merge_sort,91.46,14.713,0.176
0,rasp_pi,quick_sort,79.17,14.709,0.109
0,rasp_pi,heap_sort,90.49,14.701,0.25
0,rasp_pi,bubble_sort,99.56,14.463,6.593
0,rasp_pi,selection_sort,99.07,14.5,1.92
0,rasp_pi,insertion_sort,99.3,14.5,2.021
0,rasp_pi,merge_sort,71.46,14.508,0.08
0,rasp_pi,quick_sort,84.56,14.516,0.048
0,rasp_pi,heap_sort,79.73,14.512,0.113
1,rasp_pi,bubble_sort,99.77,14.496,6.585
1,rasp_pi,selection_sort,98.7,14.533,2.004
1,rasp_pi,insertion_sort,99.03,14.533,2.15
1,rasp_pi,merge_sort,81.21,14.541,0.081
1,rasp_pi,quick_sort,71.14,14.553,0.05
1,rasp_pi,heap_sort,79.62,14.545,0.113
2,rasp_pi,bubble_sort,99.7,14.61,6.746
2,rasp_pi,selection_sort,98.51,14.647,2.013
2,rasp_pi,insertion_sort,99.03,14.647,2.014
2,rasp_pi,merge_sort,81.34,14.655,0.081
2,rasp_pi,quick_sort,71.22,14.668,0.049
2,rasp_pi,heap_sort,79.82,14.66,0.113
3,rasp_pi,bubble_sort,99.42,14.455,6.798
3,rasp_pi,selection_sort,98.97,14.492,1.939
3,rasp_pi,insertion_sort,98.73,14.492,2.074
3,rasp_pi,merge_sort,80.93,14.5,0.081
3,rasp_pi,quick_sort,56.78,14.508,0.048
3,rasp_pi,heap_sort,79.33,14.504,0.114
4,rasp_pi,bubble_sort,99.57,14.447,6.78
4,rasp_pi,selection_sort,98.58,14.479,1.933
4,rasp_pi,insertion_sort,99.3,14.479,2.066
4,rasp_pi,merge_sort,71.53,14.488,0.081
4,rasp_pi,quick_sort,57.02,14.496,0.047
4,rasp_pi,heap_sort,79.77,14.492,0.112
5,rasp_pi,bubble_sort,99.63,14.557,6.652
5,rasp_pi,selection_sort,99.04,14.594,1.926
5,rasp_pi,insertion_sort,98.57,14.594,2.01
5,rasp_pi,merge_sort,71.41,14.602,0.081
5,rasp_pi,quick_sort,84.68,14.615,0.051
5,rasp_pi,heap_sort,79.31,14.606,0.114
6,rasp_pi,bubble_sort,99.0,14.447,6.624
6,rasp_pi,selection_sort,98.88,14.479,1.94
6,rasp_pi,insertion_sort,98.3,14.479,2.041
6,rasp_pi,merge_sort,80.83,14.488,0.08
6,rasp_pi,quick_sort,83.96,14.5,0.051
6,rasp_pi,heap_sort,87.2,14.492,0.113
7,rasp_pi,bubble_sort,99.55,14.545,6.699
7,rasp_pi,selection_sort,99.43,14.578,1.931
7,rasp_pi,insertion_sort,99.29,14.578,2.095
7,rasp_pi,merge_sort,81.23,14.586,0.081
7,rasp_pi,quick_sort,70.24,14.598,0.048
7,rasp_pi,heap_sort,79.49,14.59,0.113
8,rasp_pi,bubble_sort,99.57,14.455,6.914
8,rasp_pi,selection_sort,99.37,14.492,1.942
8,rasp_pi,insertion_sort,98.96,14.492,2.097
8,rasp_pi,merge_sort,81.73,14.504,0.08
8,rasp_pi,quick_sort,53.65,14.508,0.047
8,rasp_pi,heap_sort,87.4,14.504,0.112
9,rasp_pi,bubble_sort,99.77,14.496,6.752
9,rasp_pi,selection_sort,99.08,14.533,1.933
9,rasp_pi,insertion_sort,98.89,14.533,2.142
9,rasp_pi,merge_sort,71.53,14.541,0.081
9,rasp_pi,quick_sort,57.24,14.553,0.052
9,rasp_pi,heap_sort,79.47,14.545,0.112
10,rasp_pi,bubble_sort,99.8,14.512,6.833
10,rasp_pi,selection_sort,98.92,14.549,1.989
10,rasp_pi,insertion_sort,98.94,14.549,2.061
10,rasp_pi,merge_sort,80.94,14.561,0.08
10,rasp_pi,quick_sort,85.44,14.569,0.052
10,rasp_pi,heap_sort,86.87,14.561,0.112
11,rasp_pi,bubble_sort,99.69,14.43,6.637
11,rasp_pi,selection_sort,99.02,14.467,1.936
11,rasp_pi,insertion_sort,99.25,14.467,2.107
11,rasp_pi,merge_sort,70.04,14.475,0.082
11,rasp_pi,quick_sort,57.08,14.483,0.049
11,rasp_pi,heap_sort,87.22,14.479,0.112
12,rasp_pi,bubble_sort,99.66,14.43,6.994
12,rasp_pi,selection_sort,98.95,14.467,1.939
12,rasp_pi,insertion_sort,98.78,14.467,2.066
12,rasp_pi,merge_sort,71.44,14.475,0.08
12,rasp_pi,quick_sort,53.6,14.488,0.048
12,rasp_pi,heap_sort,79.24,14.479,0.113
13,rasp_pi,bubble_sort,99.83,14.43,6.705
13,rasp_pi,selection_sort,99.22,14.467,1.92
13,rasp_pi,insertion_sort,98.72,14.467,2.055
13,rasp_pi,merge_sort,81.14,14.475,0.08
13,rasp_pi,quick_sort,71.14,14.488,0.049
13,rasp_pi,heap_sort,79.62,14.479,0.114
14,rasp_pi,bubble_sort,99.6,14.496,6.584
14,rasp_pi,selection_sort,98.87,14.533,1.941
14,rasp_pi,insertion_sort,98.66,14.533,2.108
14,rasp_pi,merge_sort,71.26,14.541,0.082
14,rasp_pi,quick_sort,70.96,14.553,0.048
14,rasp_pi,heap_sort,79.76,14.545,0.113
15,rasp_pi,bubble_sort,99.63,14.455,6.73
15,rasp_pi,selection_sort,98.55,14.492,1.925
15,rasp_pi,insertion_sort,98.92,14.492,2.093
15,rasp_pi,merge_sort,71.54,14.5,0.08
15,rasp_pi,quick_sort,56.96,14.512,0.048
15,rasp_pi,heap_sort,79.36,14.504,0.113
16,rasp_pi,bubble_sort,99.5,14.557,6.633
16,rasp_pi,selection_sort,98.48,14.594,1.933
16,rasp_pi,insertion_sort,98.58,14.594,2.082
16,rasp_pi,merge_sort,71.56,14.602,0.081
16,rasp_pi,quick_sort,53.65,14.61,0.047
16,rasp_pi,heap_sort,79.34,14.606,0.112
17,rasp_pi,bubble_sort,99.64,14.496,6.767
17,rasp_pi,selection_sort,98.54,14.533,1.926
17,rasp_pi,insertion_sort,98.52,14.533,2.084
17,rasp_pi,merge_sort,81.74,14.541,0.08
17,rasp_pi,quick_sort,53.67,14.549,0.047
17,rasp_pi,heap_sort,79.52,14.545,0.112
18,rasp_pi,bubble_sort,99.62,14.524,6.654
18,rasp_pi,selection_sort,99.01,14.561,1.925
18,rasp_pi,insertion_sort,98.69,14.561,2.002
18,rasp_pi,merge_sort,71.31,14.574,0.08
18,rasp_pi,quick_sort,70.52,14.578,0.049
18,rasp_pi,heap_sort,71.43,14.574,0.113
19,rasp_pi,bubble_sort,99.49,14.459,6.904
19,rasp_pi,selection_sort,99.16,14.492,1.996
19,rasp_pi,insertion_sort,98.55,14.492,2.056
19,rasp_pi,merge_sort,80.81,14.5,0.08
19,rasp_pi,quick_sort,70.56,14.508,0.051
19,rasp_pi,heap_sort,79.23,14.504,0.114
20,rasp_pi,bubble_sort,99.75,14.541,6.746
20,rasp_pi,selection_sort,98.55,14.578,1.933
20,rasp_pi,insertion_sort,98.63,14.578,2.047
20,rasp_pi,merge_sort,81.26,14.586,0.08
20,rasp_pi,quick_sort,70.72,14.598,0.048
20,rasp_pi,heap_sort,79.46,14.59,0.115
21,rasp_pi,bubble_sort,99.47,14.459,6.939
21,rasp_pi,selection_sort,98.55,14.492,1.936
21,rasp_pi,insertion_sort,98.94,14.492,2.095
21,rasp_pi,merge_sort,81.26,14.5,0.082
21,rasp_pi,quick_sort,70.32,14.512,0.051
21,rasp_pi,heap_sort,79.54,14.504,0.113
22,rasp_pi,bubble_sort,99.56,14.533,6.657
22,rasp_pi,selection_sort,99.02,14.565,1.928
22,rasp_pi,insertion_sort,98.68,14.565,2.066
22,rasp_pi,merge_sort,81.4,14.574,0.081
22,rasp_pi,quick_sort,71.02,14.582,0.05
22,rasp_pi,heap_sort,79.6,14.578,0.114
23,rasp_pi,bubble_sort,99.41,14.529,6.697
23,rasp_pi,selection_sort,98.84,14.565,1.991
23,rasp_pi,insertion_sort,98.98,14.565,2.099
23,rasp_pi,merge_sort,71.27,14.578,0.081
23,rasp_pi,quick_sort,70.32,14.586,0.048
23,rasp_pi,heap_sort,79.73,14.578,0.113
24,rasp_pi,bubble_sort,99.76,14.5,6.564
24,rasp_pi,selection_sort,99.27,14.533,1.944
24,rasp_pi,insertion_sort,99.04,14.533,2.014
24,rasp_pi,merge_sort,81.03,14.541,0.082
24,rasp_pi,quick_sort,84.5,14.549,0.047
24,rasp_pi,heap_sort,79.76,14.545,0.113
25,rasp_pi,bubble_sort,99.55,14.557,6.794
25,rasp_pi,selection_sort,98.51,14.594,1.937
25,rasp_pi,insertion_sort,99.16,14.594,2.006
25,rasp_pi,merge_sort,71.44,14.602,0.082
25,rasp_pi,quick_sort,57.06,14.615,0.049
25,rasp_pi,heap_sort,79.67,14.606,0.114
26,rasp_pi,bubble_sort,99.8,14.496,6.861
26,rasp_pi,selection_sort,98.73,14.533,1.942
26,rasp_pi,insertion_sort,98.4,14.533,2.087
26,rasp_pi,merge_sort,71.44,14.541,0.083
26,rasp_pi,quick_sort,84.48,14.553,0.051
26,rasp_pi,heap_sort,79.21,14.545,0.114
27,rasp_pi,bubble_sort,99.62,14.463,6.645
27,rasp_pi,selection_sort,98.99,14.5,1.93
27,rasp_pi,insertion_sort,98.42,14.5,2.027
27,rasp_pi,merge_sort,81.5,14.508,0.08
27,rasp_pi,quick_sort,70.82,14.52,0.054
27,rasp_pi,heap_sort,78.07,14.512,0.113
28,rasp_pi,bubble_sort,99.75,14.557,6.743
28,rasp_pi,selection_sort,99.15,14.594,1.995
28,rasp_pi,insertion_sort,98.94,14.594,2.02
28,rasp_pi,merge_sort,71.51,14.602,0.081
28,rasp_pi,quick_sort,84.98,14.615,0.05
28,rasp_pi,heap_sort,79.82,14.606,0.112
29,rasp_pi,bubble_sort,99.6,14.524,6.635
29,rasp_pi,selection_sort,98.53,14.561,1.921
29,rasp_pi,insertion_sort,99.01,14.561,2.08
29,rasp_pi,merge_sort,71.41,14.569,0.08
29,rasp_pi,quick_sort,70.32,14.578,0.05
29,rasp_pi,heap_sort,79.53,14.574,0.114
30,rasp_pi,bubble_sort,99.65,14.496,6.719
30,rasp_pi,selection_sort,98.83,14.533,1.92
30,rasp_pi,insertion_sort,99.07,14.533,2.048
30,rasp_pi,merge_sort,71.21,14.541,0.081
30,rasp_pi,quick_sort,56.96,14.549,0.048
30,rasp_pi,heap_sort,71.8,14.545,0.112
31,rasp_pi,bubble_sort,99.41,14.496,6.776
31,rasp_pi,selection_sort,99.01,14.533,2.008
31,rasp_pi,insertion_sort,98.88,14.533,2.06
31,rasp_pi,merge_sort,80.93,14.545,0.082
31,rasp_pi,quick_sort,70.94,14.553,0.049
31,rasp_pi,heap_sort,87.14,14.545,0.114
32,rasp_pi,bubble_sort,99.45,14.5,6.634
32,rasp_pi,selection_sort,98.94,14.533,1.933
32,rasp_pi,insertion_sort,98.82,14.533,2.07
32,rasp_pi,merge_sort,81.36,14.541,0.08
32,rasp_pi,quick_sort,71.14,14.549,0.048
32,rasp_pi,heap_sort,79.77,14.545,0.113
33,rasp_pi,bubble_sort,99.61,14.496,6.709
33,rasp_pi,selection_sort,98.58,14.533,1.92
33,rasp_pi,insertion_sort,99.38,14.533,2.093
33,rasp_pi,merge_sort,81.29,14.541,0.08
33,rasp_pi,quick_sort,70.62,14.553,0.049
33,rasp_pi,heap_sort,79.24,14.545,0.114
34,rasp_pi,bubble_sort,99.65,14.447,6.786
34,rasp_pi,selection_sort,98.14,14.479,1.932
34,rasp_pi,insertion_sort,98.76,14.479,2.114
34,rasp_pi,merge_sort,71.14,14.488,0.082
34,rasp_pi,quick_sort,70.68,14.5,0.053
34,rasp_pi,heap_sort,79.46,14.492,0.113
35,rasp_pi,bubble_sort,99.63,14.496,6.763
35,rasp_pi,selection_sort,98.55,14.533,1.934
35,rasp_pi,insertion_sort,99.03,14.533,2.084
35,rasp_pi,merge_sort,71.59,14.541,0.08
35,rasp_pi,quick_sort,70.56,14.549,0.047
35,rasp_pi,heap_sort,79.6,14.545,0.115
36,rasp_pi,bubble_sort,99.79,14.496,6.966
36,rasp_pi,selection_sort,99.0,14.533,1.946
36,rasp_pi,insertion_sort,98.87,14.533,2.016
36,rasp_pi,merge_sort,71.5,14.541,0.081
36,rasp_pi,quick_sort,56.96,14.549,0.049
36,rasp_pi,heap_sort,79.22,14.545,0.113
37,rasp_pi,bubble_sort,99.51,14.455,6.954
37,rasp_pi,selection_sort,98.93,14.492,1.936
37,rasp_pi,insertion_sort,99.15,14.492,2.047
37,rasp_pi,merge_sort,71.51,14.5,0.08
37,rasp_pi,quick_sort,70.84,14.512,0.054
37,rasp_pi,heap_sort,79.7,14.504,0.113
38,rasp_pi,bubble_sort,99.72,14.615,6.556
38,rasp_pi,selection_sort,98.5,14.651,1.938
38,rasp_pi,insertion_sort,98.81,14.651,1.957
38,rasp_pi,merge_sort,68.37,14.664,0.082
38,rasp_pi,quick_sort,57.06,14.668,0.048
38,rasp_pi,heap_sort,79.8,14.664,0.113
39,rasp_pi,bubble_sort,99.76,14.512,6.778
39,rasp_pi,selection_sort,98.8,14.549,1.921
39,rasp_pi,insertion_sort,98.49,14.549,2.016
39,rasp_pi,merge_sort,71.27,14.557,0.081
39,rasp_pi,quick_sort,70.82,14.569,0.049
39,rasp_pi,heap_sort,79.73,14.561,0.113
40,rasp_pi,bubble_sort,99.71,14.5,6.776
40,rasp_pi,selection_sort,98.64,14.533,1.995
40,rasp_pi,insertion_sort,98.87,14.533,2.056
40,rasp_pi,merge_sort,81.14,14.541,0.081
40,rasp_pi,quick_sort,70.98,14.549,0.048
40,rasp_pi,heap_sort,87.38,14.545,0.113
41,rasp_pi,bubble_sort,99.42,14.5,6.822
41,rasp_pi,selection_sort,98.7,14.533,1.92
41,rasp_pi,insertion_sort,99.39,14.533,2.052
41,rasp_pi,merge_sort,71.39,14.541,0.081
41,rasp_pi,quick_sort,84.9,14.553,0.051
41,rasp_pi,heap_sort,79.66,14.545,0.114
42,rasp_pi,bubble_sort,99.72,14.43,6.733
42,rasp_pi,selection_sort,98.72,14.467,1.922
42,rasp_pi,insertion_sort,99.13,14.467,2.076
42,rasp_pi,merge_sort,71.53,14.479,0.08
42,rasp_pi,quick_sort,70.62,14.488,0.052
42,rasp_pi,heap_sort,87.19,14.479,0.112
43,rasp_pi,bubble_sort,99.72,14.553,6.631
43,rasp_pi,selection_sort,99.15,14.586,1.922
43,rasp_pi,insertion_sort,99.12,14.586,2.075
43,rasp_pi,merge_sort,81.07,14.594,0.081
43,rasp_pi,quick_sort,84.04,14.606,0.051
43,rasp_pi,heap_sort,79.67,14.598,0.113
44,rasp_pi,bubble_sort,99.71,14.496,6.526
44,rasp_pi,selection_sort,98.96,14.533,2.005
44,rasp_pi,insertion_sort,98.65,14.533,2.044
44,rasp_pi,merge_sort,80.9,14.541,0.082
44,rasp_pi,quick_sort,84.66,14.553,0.052
44,rasp_pi,heap_sort,79.68,14.545,0.113
45,rasp_pi,bubble_sort,99.67,14.512,6.937
45,rasp_pi,selection_sort,98.75,14.549,1.922
45,rasp_pi,insertion_sort,98.59,14.549,2.101
45,rasp_pi,merge_sort,81.59,14.557,0.081
45,rasp_pi,quick_sort,70.94,14.569,0.048
45,rasp_pi,heap_sort,87.11,14.561,0.116
46,rasp_pi,bubble_sort,99.74,14.549,6.555
46,rasp_pi,selection_sort,98.89,14.586,1.911
46,rasp_pi,insertion_sort,98.43,14.586,2.016
46,rasp_pi,merge_sort,81.17,14.594,0.081
46,rasp_pi,quick_sort,85.1,14.606,0.05
46,rasp_pi,heap_sort,79.5,14.598,0.114
47,rasp_pi,bubble_sort,99.41,14.529,6.688
47,rasp_pi,selection_sort,98.67,14.565,1.922
47,rasp_pi,insertion_sort,98.73,14.565,2.076
47,rasp_pi,merge_sort,81.16,14.574,0.082
47,rasp_pi,quick_sort,84.94,14.586,0.05
47,rasp_pi,heap_sort,79.71,14.578,0.113
48,rasp_pi,bubble_sort,99.71,14.459,6.572
48,rasp_pi,selection_sort,98.68,14.492,1.989
48,rasp_pi,insertion_sort,98.52,14.492,2.01
48,rasp_pi,merge_sort,71.37,14.5,0.081
48,rasp_pi,quick_sort,56.48,14.508,0.048
48,rasp_pi,heap_sort,79.6,14.504,0.114
49,rasp_pi,bubble_sort,99.78,14.61,6.688
49,rasp_pi,selection_sort,99.12,14.647,2.012
49,rasp_pi,insertion_sort,98.83,14.647,2.06
49,rasp_pi,merge_sort,71.47,14.66,0.082
49,rasp_pi,quick_sort,70.6,14.668,0.049
49,rasp_pi,heap_sort,71.79,14.66,0.114
50,rasp_pi,bubble_sort,99.53,14.5,6.558
50,rasp_pi,selection_sort,98.64,14.533,1.928
50,rasp_pi,insertion_sort,98.65,14.533,2.013
50,rasp_pi,merge_sort,71.49,14.541,0.081
50,rasp_pi,quick_sort,70.76,14.549,0.049
50,rasp_pi,heap_sort,79.67,14.545,0.113
51,rasp_pi,bubble_sort,99.8,14.529,6.891
51,rasp_pi,selection_sort,98.88,14.561,1.994
51,rasp_pi,insertion_sort,98.81,14.561,2.115
51,rasp_pi,merge_sort,81.11,14.569,0.083
51,rasp_pi,quick_sort,56.92,14.582,0.048
51,rasp_pi,heap_sort,79.43,14.574,0.114
52,rasp_pi,bubble_sort,99.53,14.524,6.63
52,rasp_pi,selection_sort,98.23,14.561,1.925
52,rasp_pi,insertion_sort,99.1,14.561,2.069
52,rasp_pi,merge_sort,71.24,14.569,0.082
52,rasp_pi,quick_sort,57.02,14.578,0.05
52,rasp_pi,heap_sort,79.46,14.574,0.112
53,rasp_pi,bubble_sort,99.69,14.467,6.73
53,rasp_pi,selection_sort,99.02,14.5,1.928
53,rasp_pi,insertion_sort,99.24,14.5,2.023
53,rasp_pi,merge_sort,80.74,14.508,0.08
53,rasp_pi,quick_sort,56.92,14.52,0.05
53,rasp_pi,heap_sort,79.58,14.512,0.114
54,rasp_pi,bubble_sort,99.72,14.463,6.57
54,rasp_pi,selection_sort,98.64,14.5,1.939
54,rasp_pi,insertion_sort,98.96,14.5,2.053
54,rasp_pi,merge_sort,71.5,14.508,0.081
54,rasp_pi,quick_sort,85.06,14.52,0.051
54,rasp_pi,heap_sort,79.64,14.512,0.113
55,rasp_pi,bubble_sort,99.54,14.463,6.627
55,rasp_pi,selection_sort,98.86,14.5,1.946
55,rasp_pi,insertion_sort,99.3,14.5,2.02
55,rasp_pi,merge_sort,61.09,14.508,0.084
55,rasp_pi,quick_sort,56.68,14.52,0.05
55,rasp_pi,heap_sort,79.61,14.512,0.113
56,rasp_pi,bubble_sort,99.66,14.529,6.89
56,rasp_pi,selection_sort,98.36,14.565,1.945
56,rasp_pi,insertion_sort,98.86,14.565,2.067
56,rasp_pi,merge_sort,81.13,14.574,0.081
56,rasp_pi,quick_sort,70.3,14.582,0.05
56,rasp_pi,heap_sort,79.7,14.578,0.114
57,rasp_pi,bubble_sort,99.56,14.434,6.797
57,rasp_pi,selection_sort,98.54,14.467,1.939
57,rasp_pi,insertion_sort,99.25,14.467,2.041
57,rasp_pi,merge_sort,71.51,14.475,0.081
57,rasp_pi,quick_sort,70.68,14.483,0.049
57,rasp_pi,heap_sort,79.31,14.479,0.113
58,rasp_pi,bubble_sort,99.66,14.529,6.831
58,rasp_pi,selection_sort,99.14,14.565,1.985
58,rasp_pi,insertion_sort,99.45,14.565,2.081
58,rasp_pi,merge_sort,71.43,14.578,0.082
58,rasp_pi,quick_sort,70.5,14.586,0.048
58,rasp_pi,heap_sort,79.79,14.578,0.112
59,rasp_pi,bubble_sort,99.61,14.455,6.679
59,rasp_pi,selection_sort,98.63,14.492,1.922
59,rasp_pi,insertion_sort,98.62,14.492,2.036
59,rasp_pi,merge_sort,71.49,14.5,0.08
59,rasp_pi,quick_sort,57.16,14.512,0.053
59,rasp_pi,heap_sort,79.34,14.504,0.113
60,rasp_pi,bubble_sort,99.75,14.442,6.848
60,rasp_pi,selection_sort,98.65,14.479,1.978
60,rasp_pi,insertion_sort,99.15,14.479,2.067
60,rasp_pi,merge_sort,71.33,14.488,0.08
60,rasp_pi,quick_sort,84.98,14.5,0.05
60,rasp_pi,heap_sort,79.21,14.492,0.113
61,rasp_pi,bubble_sort,99.72,14.496,6.786
61,rasp_pi,selection_sort,98.65,14.533,1.912
61,rasp_pi,insertion_sort,98.54,14.533,2.054
61,rasp_pi,merge_sort,71.5,14.541,0.081
61,rasp_pi,quick_sort,56.96,14.553,0.048
61,rasp_pi,heap_sort,79.71,14.545,0.113
62,rasp_pi,bubble_sort,99.64,14.615,6.696
62,rasp_pi,selection_sort,98.81,14.651,1.919
62,rasp_pi,insertion_sort,99.22,14.651,2.033
62,rasp_pi,merge_sort,71.51,14.66,0.081
62,rasp_pi,quick_sort,57.04,14.672,0.049
62,rasp_pi,heap_sort,79.81,14.664,0.112
63,rasp_pi,bubble_sort,99.63,14.529,6.821
63,rasp_pi,selection_sort,98.6,14.565,2.006
63,rasp_pi,insertion_sort,99.29,14.565,2.053
63,rasp_pi,merge_sort,71.41,14.574,0.082
63,rasp_pi,quick_sort,56.94,14.582,0.048
63,rasp_pi,heap_sort,79.29,14.578,0.113
64,rasp_pi,bubble_sort,99.79,14.43,6.892
64,rasp_pi,selection_sort,98.53,14.467,1.933
64,rasp_pi,insertion_sort,98.61,14.467,2.124
64,rasp_pi,merge_sort,71.44,14.475,0.081
64,rasp_pi,quick_sort,56.98,14.488,0.05
64,rasp_pi,heap_sort,87.21,14.479,0.113
65,rasp_pi,bubble_sort,99.59,14.615,6.591
65,rasp_pi,selection_sort,98.79,14.647,1.92
65,rasp_pi,insertion_sort,98.87,14.647,2.07
65,rasp_pi,merge_sort,81.29,14.655,0.081
65,rasp_pi,quick_sort,70.32,14.668,0.048
65,rasp_pi,heap_sort,87.26,14.66,0.112
66,rasp_pi,bubble_sort,99.72,14.434,6.854
66,rasp_pi,selection_sort,98.77,14.467,1.923
66,rasp_pi,insertion_sort,98.98,14.467,2.09
66,rasp_pi,merge_sort,81.1,14.475,0.081
66,rasp_pi,quick_sort,70.58,14.488,0.05
66,rasp_pi,heap_sort,79.6,14.479,0.113
67,rasp_pi,bubble_sort,99.55,14.561,6.495
67,rasp_pi,selection_sort,98.84,14.594,1.921
67,rasp_pi,insertion_sort,99.21,14.594,2.037
67,rasp_pi,merge_sort,71.39,14.602,0.083
67,rasp_pi,quick_sort,84.46,14.61,0.047
67,rasp_pi,heap_sort,79.04,14.606,0.114
68,rasp_pi,bubble_sort,99.56,14.541,6.898
68,rasp_pi,selection_sort,99.23,14.578,1.943
68,rasp_pi,insertion_sort,98.65,14.578,2.058
68,rasp_pi,merge_sort,71.49,14.59,0.083
68,rasp_pi,quick_sort,84.36,14.598,0.05
68,rasp_pi,heap_sort,79.1,14.59,0.113
69,rasp_pi,bubble_sort,99.8,14.512,6.671
69,rasp_pi,selection_sort,98.73,14.549,1.924
69,rasp_pi,insertion_sort,99.09,14.549,2.077
69,rasp_pi,merge_sort,71.47,14.557,0.082
69,rasp_pi,quick_sort,70.56,14.565,0.048
69,rasp_pi,heap_sort,79.68,14.561,0.114
70,rasp_pi,bubble_sort,99.68,14.447,6.838
70,rasp_pi,selection_sort,98.65,14.479,1.958
70,rasp_pi,insertion_sort,98.34,14.479,2.105
70,rasp_pi,merge_sort,71.5,14.488,0.082
70,rasp_pi,quick_sort,70.96,14.5,0.048
70,rasp_pi,heap_sort,79.58,14.492,0.115
71,rasp_pi,bubble_sort,99.24,14.43,6.627
71,rasp_pi,selection_sort,98.76,14.467,1.971
71,rasp_pi,insertion_sort,98.76,14.467,2.034
71,rasp_pi,merge_sort,71.37,14.475,0.08
71,rasp_pi,quick_sort,56.98,14.483,0.05
71,rasp_pi,heap_sort,71.59,14.479,0.113
72,rasp_pi,bubble_sort,99.8,14.5,7.032
72,rasp_pi,selection_sort,98.65,14.533,1.933
72,rasp_pi,insertion_sort,98.74,14.533,2.082
72,rasp_pi,merge_sort,81.04,14.545,0.081
72,rasp_pi,quick_sort,70.36,14.553,0.05
72,rasp_pi,heap_sort,79.71,14.545,0.113
73,rasp_pi,bubble_sort,99.66,14.619,6.737
73,rasp_pi,selection_sort,99.04,14.651,1.939
73,rasp_pi,insertion_sort,98.55,14.651,2.055
73,rasp_pi,merge_sort,71.46,14.66,0.082
73,rasp_pi,quick_sort,84.84,14.668,0.048
73,rasp_pi,heap_sort,79.5,14.664,0.113
74,rasp_pi,bubble_sort,99.68,14.442,6.568
74,rasp_pi,selection_sort,99.15,14.479,1.925
74,rasp_pi,insertion_sort,98.37,14.479,2.034
74,rasp_pi,merge_sort,71.47,14.492,0.081
74,rasp_pi,quick_sort,56.92,14.496,0.048
74,rasp_pi,heap_sort,79.39,14.492,0.115
75,rasp_pi,bubble_sort,99.71,14.434,6.978
75,rasp_pi,selection_sort,99.36,14.467,1.992
75,rasp_pi,insertion_sort,98.78,14.467,2.102
75,rasp_pi,merge_sort,81.21,14.475,0.081
75,rasp_pi,quick_sort,56.92,14.488,0.05
75,rasp_pi,heap_sort,79.78,14.479,0.113
76,rasp_pi,bubble_sort,99.64,14.553,6.652
76,rasp_pi,selection_sort,98.58,14.586,1.935
76,rasp_pi,insertion_sort,99.07,14.586,2.037
76,rasp_pi,merge_sort,71.4,14.598,0.08
76,rasp_pi,quick_sort,56.9,14.606,0.048
76,rasp_pi,heap_sort,79.74,14.598,0.113
77,rasp_pi,bubble_sort,99.71,14.615,6.764
77,rasp_pi,selection_sort,99.33,14.651,1.942
77,rasp_pi,insertion_sort,98.62,14.651,2.04
77,rasp_pi,merge_sort,71.03,14.66,0.083
77,rasp_pi,quick_sort,70.34,14.672,0.048
77,rasp_pi,heap_sort,79.01,14.664,0.113
78,rasp_pi,bubble_sort,99.81,14.455,6.828
78,rasp_pi,selection_sort,98.58,14.492,2.008
78,rasp_pi,insertion_sort,99.04,14.492,2.078
78,rasp_pi,merge_sort,71.46,14.5,0.081
78,rasp_pi,quick_sort,84.42,14.512,0.051
78,rasp_pi,heap_sort,79.37,14.504,0.113
79,rasp_pi,bubble_sort,99.6,14.434,6.718
79,rasp_pi,selection_sort,99.07,14.467,2.007
79,rasp_pi,insertion_sort,98.99,14.467,2.129
79,rasp_pi,merge_sort,81.27,14.475,0.081
79,rasp_pi,quick_sort,57.06,14.488,0.051
79,rasp_pi,heap_sort,79.38,14.479,0.113
80,rasp_pi,bubble_sort,99.59,14.529,6.821
80,rasp_pi,selection_sort,98.94,14.565,1.938
80,rasp_pi,insertion_sort,99.19,14.565,2.064
80,rasp_pi,merge_sort,81.11,14.574,0.081
80,rasp_pi,quick_sort,70.74,14.582,0.047
80,rasp_pi,heap_sort,87.32,14.578,0.113
81,rasp_pi,bubble_sort,99.63,14.455,6.761
81,rasp_pi,selection_sort,99.13,14.492,1.93
81,rasp_pi,insertion_sort,99.13,14.492,2.088
81,rasp_pi,merge_sort,81.01,14.5,0.081
81,rasp_pi,quick_sort,70.36,14.512,0.05
81,rasp_pi,heap_sort,87.29,14.504,0.114
82,rasp_pi,bubble_sort,99.74,14.557,6.844
82,rasp_pi,selection_sort,99.11,14.594,1.929
82,rasp_pi,insertion_sort,98.98,14.594,2.02
82,rasp_pi,merge_sort,81.67,14.602,0.08
82,rasp_pi,quick_sort,70.92,14.615,0.048
82,rasp_pi,heap_sort,79.63,14.606,0.114
83,rasp_pi,bubble_sort,99.67,14.43,6.991
83,rasp_pi,selection_sort,97.72,14.467,1.959
83,rasp_pi,insertion_sort,99.14,14.467,2.057
83,rasp_pi,merge_sort,71.43,14.475,0.081
83,rasp_pi,quick_sort,57.1,14.483,0.049
83,rasp_pi,heap_sort,79.19,14.479,0.114
84,rasp_pi,bubble_sort,99.64,14.549,6.753
84,rasp_pi,selection_sort,99.25,14.586,1.997
84,rasp_pi,insertion_sort,98.52,14.586,2.096
84,rasp_pi,merge_sort,71.59,14.594,0.082
84,rasp_pi,quick_sort,53.52,14.602,0.047
84,rasp_pi,heap_sort,79.6,14.598,0.113
85,rasp_pi,bubble_sort,99.55,14.496,6.739
85,rasp_pi,selection_sort,99.02,14.533,1.937
85,rasp_pi,insertion_sort,98.88,14.533,2.133
85,rasp_pi,merge_sort,81.2,14.541,0.082
85,rasp_pi,quick_sort,57.16,14.553,0.052
85,rasp_pi,heap_sort,79.6,14.545,0.114
86,rasp_pi,bubble_sort,99.69,14.455,6.874
86,rasp_pi,selection_sort,99.0,14.492,2.008
86,rasp_pi,insertion_sort,99.03,14.492,2.055
86,rasp_pi,merge_sort,71.49,14.5,0.081
86,rasp_pi,quick_sort,70.6,14.512,0.051
86,rasp_pi,heap_sort,79.06,14.504,0.114
87,rasp_pi,bubble_sort,99.6,14.615,6.705
87,rasp_pi,selection_sort,98.86,14.647,1.911
87,rasp_pi,insertion_sort,99.35,14.647,2.05
87,rasp_pi,merge_sort,71.34,14.66,0.081
87,rasp_pi,quick_sort,56.96,14.664,0.048
87,rasp_pi,heap_sort,71.63,14.66,0.112
88,rasp_pi,bubble_sort,99.55,14.434,6.755
88,rasp_pi,selection_sort,98.63,14.467,2.002
88,rasp_pi,insertion_sort,99.01,14.467,2.008
88,rasp_pi,merge_sort,71.34,14.475,0.081
88,rasp_pi,quick_sort,71.04,14.483,0.049
88,rasp_pi,heap_sort,79.72,14.479,0.112
89,rasp_pi,bubble_sort,99.52,14.455,6.746
89,rasp_pi,selection_sort,98.64,14.492,1.929
89,rasp_pi,insertion_sort,99.01,14.492,2.015
89,rasp_pi,merge_sort,71.43,14.5,0.081
89,rasp_pi,quick_sort,57.02,14.508,0.048
89,rasp_pi,heap_sort,79.19,14.504,0.114
90,rasp_pi,bubble_sort,99.55,14.496,6.678
90,rasp_pi,selection_sort,98.93,14.533,1.937
90,rasp_pi,insertion_sort,98.18,14.533,2.081
90,rasp_pi,merge_sort,71.37,14.545,0.081
90,rasp_pi,quick_sort,57.06,14.549,0.05
90,rasp_pi,heap_sort,78.83,14.545,0.114
91,rasp_pi,bubble_sort,99.49,14.512,6.97
91,rasp_pi,selection_sort,98.93,14.549,1.938
91,rasp_pi,insertion_sort,98.35,14.549,2.069
91,rasp_pi,merge_sort,81.83,14.557,0.08
91,rasp_pi,quick_sort,57.12,14.569,0.052
91,rasp_pi,heap_sort,79.64,14.561,0.112
92,rasp_pi,bubble_sort,99.67,14.524,6.832
92,rasp_pi,selection_sort,98.79,14.561,1.92
92,rasp_pi,insertion_sort,98.96,14.561,2.122
92,rasp_pi,merge_sort,81.2,14.574,0.083
92,rasp_pi,quick_sort,71.14,14.578,0.049
92,rasp_pi,heap_sort,87.27,14.574,0.115
93,rasp_pi,bubble_sort,99.76,14.455,6.685
93,rasp_pi,selection_sort,99.24,14.492,1.922
93,rasp_pi,insertion_sort,98.22,14.492,2.048
93,rasp_pi,merge_sort,81.3,14.5,0.082
93,rasp_pi,quick_sort,71.12,14.512,0.049
93,rasp_pi,heap_sort,79.69,14.504,0.113
94,rasp_pi,bubble_sort,98.91,14.545,6.699
94,rasp_pi,selection_sort,99.03,14.578,1.926
94,rasp_pi,insertion_sort,99.09,14.578,2.118
94,rasp_pi,merge_sort,71.37,14.586,0.081
94,rasp_pi,quick_sort,84.96,14.598,0.048
94,rasp_pi,heap_sort,79.13,14.59,0.112
95,rasp_pi,bubble_sort,99.78,14.455,6.664
95,rasp_pi,selection_sort,98.78,14.492,1.991
95,rasp_pi,insertion_sort,98.99,14.492,2.069
95,rasp_pi,merge_sort,80.94,14.5,0.081
95,rasp_pi,quick_sort,71.18,14.512,0.05
95,rasp_pi,heap_sort,79.72,14.504,0.116
96,rasp_pi,bubble_sort,99.56,14.615,6.619
96,rasp_pi,selection_sort,98.36,14.651,1.99
96,rasp_pi,insertion_sort,98.62,14.651,2.016
96,rasp_pi,merge_sort,81.19,14.66,0.081
96,rasp_pi,quick_sort,57.0,14.668,0.048
96,rasp_pi,heap_sort,79.76,14.664,0.113
97,rasp_pi,bubble_sort,99.25,14.615,6.589
97,rasp_pi,selection_sort,99.07,14.651,1.996
97,rasp_pi,insertion_sort,98.72,14.651,2.037
97,rasp_pi,merge_sort,81.1,14.66,0.081
97,rasp_pi,quick_sort,84.94,14.672,0.05
97,rasp_pi,heap_sort,87.12,14.664,0.113
98,rasp_pi,bubble_sort,99.46,14.463,6.622
98,rasp_pi,selection_sort,98.78,14.5,1.922
98,rasp_pi,insertion_sort,98.42,14.5,2.143
98,rasp_pi,merge_sort,81.07,14.508,0.082
98,rasp_pi,quick_sort,85.16,14.52,0.05
98,rasp_pi,heap_sort,87.17,14.512,0.114
99,rasp_pi,bubble_sort,99.5,14.549,6.89
99,rasp_pi,selection_sort,98.55,14.586,1.927
99,rasp_pi,insertion_sort,99.01,14.586,2.129
99,rasp_pi,merge_sort,71.53,14.594,0.081
99,rasp_pi,quick_sort,70.62,14.606,0.049
99,rasp_pi,heap_sort,79.2,14.598,0.114